-- MySQL dump 10.13  Distrib 8.0.23, for Win64 (x86_64)
--
-- Host: localhost    Database: vk_updated
-- ------------------------------------------------------
-- Server version	8.0.23

/*!40101 SET @OLD_CHARACTER_SET_CLIENT=@@CHARACTER_SET_CLIENT */;
/*!40101 SET @OLD_CHARACTER_SET_RESULTS=@@CHARACTER_SET_RESULTS */;
/*!40101 SET @OLD_COLLATION_CONNECTION=@@COLLATION_CONNECTION */;
/*!50503 SET NAMES utf8mb4 */;
/*!40103 SET @OLD_TIME_ZONE=@@TIME_ZONE */;
/*!40103 SET TIME_ZONE='+00:00' */;
/*!40014 SET @OLD_UNIQUE_CHECKS=@@UNIQUE_CHECKS, UNIQUE_CHECKS=0 */;
/*!40014 SET @OLD_FOREIGN_KEY_CHECKS=@@FOREIGN_KEY_CHECKS, FOREIGN_KEY_CHECKS=0 */;
/*!40101 SET @OLD_SQL_MODE=@@SQL_MODE, SQL_MODE='NO_AUTO_VALUE_ON_ZERO' */;
/*!40111 SET @OLD_SQL_NOTES=@@SQL_NOTES, SQL_NOTES=0 */;

--
-- Table structure for table `cities`
--

DROP TABLE IF EXISTS `cities`;
/*!40101 SET @saved_cs_client     = @@character_set_client */;
/*!50503 SET character_set_client = utf8mb4 */;
CREATE TABLE `cities` (
  `id` int unsigned NOT NULL AUTO_INCREMENT COMMENT '╨Ш╨┤╨╡╨╜╤В╨╕╤Д╨╕╨║╨░╤В╨╛╤А ╤Б╤В╤А╨╛╨║╨╕',
  `name` varchar(150) CHARACTER SET utf8mb4 COLLATE utf8mb4_unicode_ci NOT NULL COMMENT '╨Э╨░╨╖╨▓╨░╨╜╨╕╨╡ ╨│╨╛╤А╨╛╨┤╨░',
  `country_id` int unsigned NOT NULL COMMENT '╨б╤Б╤Л╨╗╨║╨░ ╨╜╨░ ╤Б╤В╤А╨░╨╜╤Г',
  `created_at` datetime DEFAULT CURRENT_TIMESTAMP COMMENT '╨Т╤А╨╡╨╝╤П ╤Б╨╛╨╖╨┤╨░╨╜╨╕╤П ╤Б╤В╤А╨╛╨║╨╕',
  `updated_at` datetime DEFAULT CURRENT_TIMESTAMP ON UPDATE CURRENT_TIMESTAMP COMMENT '╨Т╤А╨╡╨╝╤П ╨╛╨▒╨╜╨╛╨▓╨╗╨╡╨╜╨╕╤П ╤Б╤В╤А╨╛╨║╨╕',
  PRIMARY KEY (`id`),
  KEY `cities_country_id_fk` (`country_id`),
  CONSTRAINT `cities_country_id_fk` FOREIGN KEY (`country_id`) REFERENCES `countries` (`id`)
) ENGINE=InnoDB AUTO_INCREMENT=101 DEFAULT CHARSET=utf8mb4 COLLATE=utf8mb4_unicode_ci COMMENT='╨У╨╛╤А╨╛╨┤╨░';
/*!40101 SET character_set_client = @saved_cs_client */;

--
-- Dumping data for table `cities`
--

LOCK TABLES `cities` WRITE;
/*!40000 ALTER TABLE `cities` DISABLE KEYS */;
INSERT INTO `cities` VALUES (1,'New Lafayettebury',33,'2013-01-28 06:25:23','2021-04-27 01:04:14'),(2,'Kaydenmouth',21,'2018-08-31 00:55:27','2021-04-27 01:04:14'),(3,'East Bulah',5,'2013-04-25 10:50:42','2021-04-27 01:04:14'),(4,'Wittingport',61,'2016-04-17 05:18:34','2021-04-27 01:04:14'),(5,'Port Annabelle',92,'2019-03-28 22:37:56','2021-04-27 01:04:14'),(6,'Huldaside',75,'2012-12-11 21:50:16','2021-04-27 01:04:14'),(7,'Considinehaven',100,'2013-05-02 07:48:11','2021-04-27 01:04:14'),(8,'Port Arely',74,'2014-03-29 12:32:23','2021-04-27 01:04:14'),(9,'Antoniettafurt',68,'2014-07-30 13:10:10','2021-04-27 01:04:14'),(10,'West Wardberg',18,'2014-10-29 03:12:11','2021-04-27 01:04:14'),(11,'West Madysonbury',85,'2014-06-12 20:08:46','2021-04-27 01:04:14'),(12,'East Donaldside',71,'2021-01-30 04:40:15','2021-04-27 01:04:14'),(13,'North Lea',100,'2013-09-23 03:10:29','2021-04-27 01:04:14'),(14,'South Kenny',85,'2013-08-28 10:58:25','2021-04-27 01:04:14'),(15,'Wiegandland',25,'2012-11-11 09:32:55','2021-04-27 01:04:14'),(16,'West Koby',69,'2012-08-07 01:38:40','2021-04-27 01:04:14'),(17,'South Mable',68,'2012-05-13 09:07:28','2021-04-27 01:04:14'),(18,'Rennerport',35,'2011-10-02 15:19:23','2021-04-27 01:04:14'),(19,'North Juston',68,'2020-11-26 04:32:17','2021-04-27 01:04:14'),(20,'Lake Zackery',37,'2015-10-03 15:10:21','2021-04-27 01:04:14'),(21,'New Ona',81,'2017-04-17 02:30:23','2021-04-27 01:04:14'),(22,'Botsfordport',93,'2018-10-17 13:01:20','2021-04-27 01:04:14'),(23,'Schuppeview',22,'2020-02-20 08:19:55','2021-04-27 01:04:14'),(24,'Anneport',32,'2014-01-28 12:12:19','2021-04-27 01:04:14'),(25,'West Deionville',92,'2011-05-30 03:26:38','2021-04-27 01:04:14'),(26,'Davisside',64,'2016-12-21 10:30:56','2021-04-27 01:04:14'),(27,'O\'Reillyshire',44,'2016-07-08 19:32:56','2021-04-27 01:04:14'),(28,'Ryleytown',29,'2020-04-27 19:31:34','2021-04-27 01:04:14'),(29,'Annahaven',11,'2014-02-18 12:34:26','2021-04-27 01:04:14'),(30,'Reynoldston',68,'2011-11-09 08:00:00','2021-04-27 01:04:14'),(31,'West Loniefort',6,'2018-08-12 10:38:02','2021-04-27 01:04:14'),(32,'Havenstad',25,'2013-04-05 20:41:32','2021-04-27 01:04:14'),(33,'Nataliaburgh',8,'2020-07-17 09:24:08','2021-04-27 01:04:14'),(34,'Daijafurt',63,'2015-08-01 01:26:47','2021-04-27 01:04:14'),(35,'South Theoborough',92,'2012-08-10 19:27:15','2021-04-27 01:04:14'),(36,'Millerfurt',70,'2017-04-27 10:54:24','2021-04-27 01:04:14'),(37,'North Creolachester',72,'2012-08-03 07:09:52','2021-04-27 01:04:14'),(38,'Jerdebury',53,'2015-05-05 03:37:30','2021-04-27 01:04:14'),(39,'Tyriqueville',45,'2016-06-10 10:17:30','2021-04-27 01:04:14'),(40,'North Bethany',66,'2012-10-24 17:58:59','2021-04-27 01:04:14'),(41,'East Jaron',95,'2016-02-02 08:04:44','2021-04-27 01:04:14'),(42,'Fridaland',76,'2015-09-10 15:40:34','2021-04-27 01:04:14'),(43,'West Jerrytown',93,'2012-07-22 22:28:45','2021-04-27 01:04:14'),(44,'South Janaeland',37,'2011-05-16 18:51:32','2021-04-27 01:04:14'),(45,'South Rebaborough',5,'2012-11-27 00:39:02','2021-04-27 01:04:14'),(46,'New Alessandra',16,'2014-02-16 04:51:26','2021-04-27 01:04:14'),(47,'North Hector',64,'2015-08-16 09:09:11','2021-04-27 01:04:14'),(48,'South Bertaborough',70,'2012-10-28 04:14:08','2021-04-27 01:04:14'),(49,'Uptonville',59,'2011-10-25 22:49:25','2021-04-27 01:04:14'),(50,'Lake Jonatanhaven',82,'2021-03-22 20:02:46','2021-04-27 01:04:14'),(51,'Amariton',36,'2012-11-17 08:48:15','2021-04-27 01:04:14'),(52,'Cummerataport',31,'2019-06-23 09:47:01','2021-04-27 01:04:14'),(53,'Mohammedport',49,'2016-10-01 20:45:21','2021-04-27 01:04:14'),(54,'South Viva',49,'2014-05-07 03:13:30','2021-04-27 01:04:14'),(55,'Port Akeemland',98,'2014-03-25 03:06:19','2021-04-27 01:04:14'),(56,'North Nichole',42,'2020-11-29 04:07:47','2021-04-27 01:04:14'),(57,'North Cydney',17,'2011-07-22 19:37:01','2021-04-27 01:04:14'),(58,'West Geoland',56,'2016-04-18 18:19:43','2021-04-27 01:04:14'),(59,'Zoilamouth',30,'2015-09-29 04:28:48','2021-04-27 01:04:14'),(60,'Durganchester',80,'2015-01-18 23:41:31','2021-04-27 01:04:14'),(61,'West Harveyberg',10,'2014-12-18 05:56:35','2021-04-27 01:04:14'),(62,'Jazmynburgh',11,'2013-03-22 17:24:16','2021-04-27 01:04:14'),(63,'Wintheiserside',22,'2020-09-04 21:40:39','2021-04-27 01:04:14'),(64,'Hermannfurt',77,'2017-06-27 18:18:30','2021-04-27 01:04:14'),(65,'Boganmouth',20,'2019-03-20 10:58:09','2021-04-27 01:04:14'),(66,'West Candace',66,'2018-06-23 15:01:35','2014-08-10 15:53:46'),(67,'New Javiershire',70,'2018-03-30 10:09:06','2021-04-27 01:04:14'),(68,'West Georgettechester',52,'2019-10-24 02:59:27','2021-04-27 01:04:14'),(69,'Kiehnstad',48,'2020-10-23 16:38:45','2021-04-27 01:04:14'),(70,'Reggiestad',85,'2015-03-30 02:27:01','2021-04-27 01:04:14'),(71,'Mayertborough',82,'2021-04-13 06:55:37','2021-04-27 01:04:14'),(72,'Sporerstad',52,'2011-12-02 14:20:50','2021-04-27 01:04:14'),(73,'Port Domenico',16,'2019-08-18 21:25:27','2021-04-27 01:04:14'),(74,'Bartonland',24,'2015-10-04 15:10:51','2021-04-27 01:04:14'),(75,'Fritschmouth',70,'2014-11-14 17:27:50','2021-04-27 01:04:14'),(76,'Port Pinkmouth',76,'2012-12-22 20:05:01','2013-10-23 02:05:48'),(77,'New Eldora',70,'2014-03-11 20:59:58','2021-04-27 01:04:14'),(78,'Port Meagan',24,'2015-08-08 17:49:33','2021-04-27 01:04:14'),(79,'East Erika',7,'2021-02-11 11:55:55','2021-04-27 01:04:14'),(80,'Kertzmannton',64,'2012-09-10 17:40:06','2021-04-27 01:04:14'),(81,'Christelleland',97,'2012-11-24 01:45:36','2021-04-27 01:04:14'),(82,'Julieside',93,'2012-01-05 06:31:27','2021-04-27 01:04:14'),(83,'Port Adrainton',74,'2016-12-08 08:04:53','2021-04-27 01:04:14'),(84,'Collinsland',92,'2020-01-21 16:42:52','2021-04-27 01:04:14'),(85,'Collierstad',38,'2013-09-14 02:40:45','2021-04-27 01:04:14'),(86,'Austynstad',11,'2012-01-15 03:58:06','2021-04-27 01:04:14'),(87,'Erdmanmouth',41,'2021-04-10 18:43:21','2021-04-27 01:04:14'),(88,'Lake Bettyefurt',71,'2021-03-25 15:36:11','2021-04-27 01:04:14'),(89,'North Keeganton',32,'2015-06-05 03:43:18','2021-04-27 01:04:14'),(90,'Wehnerhaven',47,'2013-05-21 09:55:53','2021-04-27 01:04:14'),(91,'Port Amber',36,'2015-01-16 00:00:04','2021-04-27 01:04:14'),(92,'Cyrusbury',41,'2011-06-08 04:14:29','2021-04-27 01:04:14'),(93,'Turcottetown',96,'2016-03-07 02:24:58','2021-04-27 01:04:14'),(94,'West Abrahamfurt',57,'2018-01-25 01:42:29','2021-04-27 01:04:14'),(95,'South Elvera',95,'2020-07-29 07:30:52','2014-10-21 23:48:27'),(96,'East Liana',4,'2018-11-20 10:40:36','2021-04-27 01:04:14'),(97,'Amirastad',35,'2020-01-31 17:04:19','2021-04-27 01:04:14'),(98,'Ullrichfort',64,'2015-06-30 06:12:41','2021-04-27 01:04:14'),(99,'Port Jayne',12,'2012-07-02 20:00:01','2021-04-27 01:04:14'),(100,'South Gradyton',69,'2014-01-25 23:58:54','2021-04-27 01:04:14');
/*!40000 ALTER TABLE `cities` ENABLE KEYS */;
UNLOCK TABLES;

--
-- Table structure for table `communities`
--

DROP TABLE IF EXISTS `communities`;
/*!40101 SET @saved_cs_client     = @@character_set_client */;
/*!50503 SET character_set_client = utf8mb4 */;
CREATE TABLE `communities` (
  `id` int unsigned NOT NULL AUTO_INCREMENT COMMENT '╨Ш╨┤╨╡╨╜╤В╨╕╤Д╨╕╨║╨░╤В╨╛╤А ╤Б╤А╨╛╨║╨╕',
  `name` varchar(150) CHARACTER SET utf8mb4 COLLATE utf8mb4_unicode_ci NOT NULL COMMENT '╨Э╨░╨╖╨▓╨░╨╜╨╕╨╡ ╨│╤А╤Г╨┐╨┐╤Л',
  `created_at` datetime DEFAULT CURRENT_TIMESTAMP COMMENT '╨Т╤А╨╡╨╝╤П ╤Б╨╛╨╖╨┤╨░╨╜╨╕╤П ╤Б╤В╤А╨╛╨║╨╕',
  `updated_at` datetime DEFAULT CURRENT_TIMESTAMP ON UPDATE CURRENT_TIMESTAMP COMMENT '╨Т╤А╨╡╨╝╤П ╨╛╨▒╨╜╨╛╨▓╨╗╨╡╨╜╨╕╤П ╤Б╤В╤А╨╛╨║╨╕',
  PRIMARY KEY (`id`),
  UNIQUE KEY `name` (`name`)
) ENGINE=InnoDB AUTO_INCREMENT=101 DEFAULT CHARSET=utf8mb4 COLLATE=utf8mb4_unicode_ci COMMENT='╨У╤А╤Г╨┐╨┐╤Л';
/*!40101 SET character_set_client = @saved_cs_client */;

--
-- Dumping data for table `communities`
--

LOCK TABLES `communities` WRITE;
/*!40000 ALTER TABLE `communities` DISABLE KEYS */;
INSERT INTO `communities` VALUES (1,'Kuhic, Price and Walter','2016-04-17 22:17:27','2021-03-24 13:57:54'),(2,'Durgan PLC','2012-01-12 12:32:49','2021-03-29 04:59:31'),(3,'Wunsch-Rutherford','2020-05-13 16:29:43','2021-03-30 18:00:26'),(4,'Zieme and Sons','2013-07-19 20:25:57','2021-04-09 23:26:22'),(5,'Hintz, Leuschke and McLaughlin','2015-05-21 16:53:24','2021-04-08 00:12:22'),(6,'DuBuque Inc','2019-04-17 21:43:46','2021-03-25 05:51:00'),(7,'Pagac-Rempel','2016-06-25 05:04:26','2021-04-18 14:09:39'),(8,'Gleichner-Bashirian','2018-03-30 20:18:33','2021-03-28 10:37:44'),(9,'Heaney, Murray and Lesch','2012-05-22 09:44:34','2021-04-20 21:48:33'),(10,'Schiller Inc','2016-07-26 03:52:03','2021-03-28 13:20:26'),(11,'Hegmann Group','2017-03-29 16:42:28','2021-04-23 08:45:27'),(12,'Runolfsson-Pacocha','2015-04-30 13:07:37','2021-04-22 04:40:44'),(13,'Morissette PLC','2020-02-07 03:43:22','2021-03-26 12:34:14'),(14,'Abshire-Gerhold','2011-07-11 19:05:04','2021-03-31 08:57:50'),(15,'Trantow-Bogan','2016-06-30 09:25:07','2021-04-12 07:30:34'),(16,'Runolfsson, Predovic and Denesik','2020-03-02 11:37:47','2021-03-29 21:40:11'),(17,'Paucek Group','2011-05-22 13:03:33','2021-04-13 12:38:32'),(18,'Eichmann, Altenwerth and Quigley','2019-01-14 02:48:09','2021-04-20 15:18:07'),(19,'Wolff Group','2016-05-01 06:30:25','2021-04-18 12:39:04'),(20,'Smitham-Donnelly','2020-11-21 19:43:28','2021-03-26 10:33:54'),(21,'Thompson, Boehm and Ankunding','2018-10-06 09:47:15','2021-04-09 01:08:55'),(22,'Hessel, Carter and Collins','2013-06-27 06:47:22','2021-04-08 13:38:46'),(23,'Bashirian, Torphy and Balistreri','2012-12-16 17:36:17','2021-04-08 14:45:45'),(24,'Botsford Inc','2011-09-19 13:18:55','2021-04-12 14:18:50'),(25,'Marks, Olson and Fadel','2013-09-01 05:00:51','2021-04-11 16:37:19'),(26,'Wyman, Mayer and Nienow','2014-03-30 13:41:51','2021-04-14 02:50:19'),(27,'Hauck-Kemmer','2013-01-03 06:30:49','2021-04-17 05:58:23'),(28,'Jaskolski-Christiansen','2016-05-16 07:00:14','2021-04-14 15:57:12'),(29,'Casper, Beier and Lowe','2012-07-17 07:09:46','2021-03-27 13:05:25'),(30,'Harris Group','2018-11-08 03:19:19','2021-04-19 17:25:05');
/*!40000 ALTER TABLE `communities` ENABLE KEYS */;
UNLOCK TABLES;

--
-- Table structure for table `communities_users`
--

DROP TABLE IF EXISTS `communities_users`;
/*!40101 SET @saved_cs_client     = @@character_set_client */;
/*!50503 SET character_set_client = utf8mb4 */;
CREATE TABLE `communities_users` (
  `community_id` int unsigned NOT NULL COMMENT '╨б╤Б╤Л╨╗╨║╨░ ╨╜╨░ ╨│╤А╤Г╨┐╨┐╤Г',
  `user_id` int unsigned NOT NULL COMMENT '╨б╤Б╤Л╨╗╨║╨░ ╨╜╨░ ╨┐╨╛╨╗╤М╨╖╨╛╨▓╨░╤В╨╡╨╗╤П',
  `created_at` datetime DEFAULT CURRENT_TIMESTAMP COMMENT '╨Т╤А╨╡╨╝╤П ╤Б╨╛╨╖╨┤╨░╨╜╨╕╤П ╤Б╤В╤А╨╛╨║╨╕',
  PRIMARY KEY (`community_id`,`user_id`) COMMENT '╨б╨╛╤Б╤В╨░╨▓╨╜╨╛╨╣ ╨┐╨╡╤А╨▓╨╕╤З╨╜╤Л╨╣ ╨║╨╗╤О╤З',
  KEY `communities_users_user_id_fk` (`user_id`),
  CONSTRAINT `communities_users_community_id_fk` FOREIGN KEY (`community_id`) REFERENCES `communities` (`id`),
  CONSTRAINT `communities_users_user_id_fk` FOREIGN KEY (`user_id`) REFERENCES `users` (`id`)
) ENGINE=InnoDB DEFAULT CHARSET=utf8mb4 COLLATE=utf8mb4_unicode_ci COMMENT='╨г╤З╨░╤Б╤В╨╜╨╕╨║╨╕ ╨│╤А╤Г╨┐╨┐, ╤Б╨▓╤П╨╖╤М ╨╝╨╡╨╢╨┤╤Г ╨┐╨╛╨╗╤М╨╖╨╛╨▓╨░╤В╨╡╨╗╤П╨╝╨╕ ╨╕ ╨│╤А╤Г╨┐╨┐╨░╨╝╨╕';
/*!40101 SET character_set_client = @saved_cs_client */;

--
-- Dumping data for table `communities_users`
--

LOCK TABLES `communities_users` WRITE;
/*!40000 ALTER TABLE `communities_users` DISABLE KEYS */;
INSERT INTO `communities_users` VALUES (1,25,'2020-01-22 05:54:55'),(1,46,'2018-03-26 05:13:15'),(2,28,'2017-06-29 17:39:01'),(2,66,'2019-03-09 11:45:13'),(2,82,'2013-04-04 18:32:05'),(3,32,'2012-04-27 18:02:18'),(3,69,'2014-04-06 12:13:00'),(4,16,'2017-11-24 11:49:59'),(4,92,'2015-06-12 11:24:48'),(5,24,'2012-07-18 11:59:24'),(5,45,'2012-06-17 23:01:56'),(5,81,'2013-06-16 02:02:26'),(6,23,'2018-01-03 01:41:56'),(6,96,'2011-11-26 04:50:48'),(7,3,'2020-01-14 05:07:33'),(7,21,'2014-12-26 06:32:13'),(7,30,'2018-11-15 10:09:26'),(7,56,'2018-08-09 07:11:28'),(8,49,'2020-10-10 01:33:09'),(8,71,'2018-11-28 05:33:40'),(9,11,'2020-10-25 10:33:47'),(9,12,'2020-07-13 15:36:27'),(9,25,'2012-10-26 21:19:22'),(9,30,'2013-01-09 05:37:31'),(9,45,'2018-08-09 09:47:40'),(9,72,'2020-06-15 00:35:14'),(9,73,'2013-11-23 07:47:27'),(10,10,'2012-05-14 21:04:27'),(10,64,'2013-11-26 14:00:31'),(10,68,'2011-10-25 15:58:30'),(12,11,'2018-02-25 11:22:53'),(12,59,'2019-11-11 04:26:44'),(12,67,'2020-09-19 12:47:14'),(12,78,'2018-07-22 17:10:54'),(13,3,'2019-01-26 16:43:47'),(13,73,'2020-05-27 04:38:30'),(13,76,'2012-10-17 07:49:42'),(13,91,'2018-12-22 16:17:34'),(14,25,'2018-08-27 22:57:15'),(14,51,'2016-02-17 20:25:06'),(14,85,'2019-11-22 09:15:18'),(15,83,'2015-02-06 21:24:45'),(16,2,'2016-06-23 18:54:24'),(16,32,'2017-08-23 10:37:12'),(17,8,'2014-04-30 11:43:33'),(17,23,'2018-04-03 03:52:54'),(17,28,'2013-09-20 00:16:43'),(17,40,'2018-02-04 08:09:55'),(17,79,'2020-09-06 10:19:23'),(17,90,'2017-09-16 17:14:56'),(17,95,'2011-05-22 02:21:51'),(18,56,'2015-06-20 11:42:46'),(18,87,'2016-05-16 22:52:51'),(18,94,'2013-11-29 23:57:29'),(19,10,'2019-05-07 13:31:07'),(19,29,'2015-02-14 06:34:55'),(19,79,'2017-03-02 07:26:10'),(20,14,'2017-07-09 00:41:27'),(20,32,'2017-04-18 18:14:15'),(20,45,'2020-04-26 11:43:19'),(20,50,'2011-10-27 04:15:45'),(20,83,'2019-03-09 04:08:01'),(20,100,'2019-10-28 13:53:39'),(21,2,'2014-03-21 16:58:41'),(21,4,'2013-11-12 04:51:26'),(21,7,'2018-04-28 20:55:53'),(21,40,'2012-08-20 07:21:19'),(22,10,'2013-11-13 23:50:47'),(22,40,'2020-07-12 23:34:46'),(22,42,'2020-08-06 08:39:50'),(22,81,'2011-10-13 18:38:53'),(22,98,'2020-01-08 20:31:51'),(23,4,'2017-10-21 15:34:39'),(23,43,'2017-08-26 06:56:12'),(23,58,'2017-08-05 07:07:17'),(24,19,'2012-12-08 00:06:29'),(24,51,'2015-01-18 09:29:40'),(24,81,'2017-02-01 12:33:48'),(24,99,'2021-01-30 18:10:09'),(24,100,'2013-06-14 01:37:42'),(25,15,'2012-03-09 17:24:22'),(25,36,'2017-01-10 22:57:37'),(25,87,'2019-02-02 02:32:57'),(25,96,'2017-10-11 04:43:11'),(26,53,'2018-03-20 04:35:58'),(26,71,'2015-09-23 08:35:05'),(27,15,'2015-08-08 15:53:23'),(27,42,'2014-08-26 19:00:38'),(27,65,'2015-07-01 01:03:07'),(28,14,'2014-12-12 07:06:49'),(28,22,'2019-03-14 19:35:11'),(28,92,'2021-01-11 02:37:31'),(29,33,'2018-02-28 08:37:57'),(29,52,'2021-03-04 19:24:50'),(29,57,'2017-04-20 04:00:49'),(29,91,'2018-11-02 22:57:52'),(30,73,'2018-03-24 15:52:04'),(30,74,'2013-08-24 00:30:53'),(30,89,'2018-02-06 12:46:35'),(30,93,'2015-05-18 07:06:42');
/*!40000 ALTER TABLE `communities_users` ENABLE KEYS */;
UNLOCK TABLES;

--
-- Table structure for table `countries`
--

DROP TABLE IF EXISTS `countries`;
/*!40101 SET @saved_cs_client     = @@character_set_client */;
/*!50503 SET character_set_client = utf8mb4 */;
CREATE TABLE `countries` (
  `id` int unsigned NOT NULL AUTO_INCREMENT COMMENT '╨Ш╨┤╨╡╨╜╤В╨╕╤Д╨╕╨║╨░╤В╨╛╤А ╤Б╤В╤А╨╛╨║╨╕',
  `name` varchar(150) CHARACTER SET utf8mb4 COLLATE utf8mb4_unicode_ci NOT NULL COMMENT '╨Э╨░╨╖╨▓╨░╨╜╨╕╨╡ ╤Б╤В╤А╨░╨╜╤Л',
  `created_at` datetime DEFAULT CURRENT_TIMESTAMP COMMENT '╨Т╤А╨╡╨╝╤П ╤Б╨╛╨╖╨┤╨░╨╜╨╕╤П ╤Б╤В╤А╨╛╨║╨╕',
  `updated_at` datetime DEFAULT CURRENT_TIMESTAMP ON UPDATE CURRENT_TIMESTAMP COMMENT '╨Т╤А╨╡╨╝╤П ╨╛╨▒╨╜╨╛╨▓╨╗╨╡╨╜╨╕╤П ╤Б╤В╤А╨╛╨║╨╕',
  PRIMARY KEY (`id`),
  UNIQUE KEY `name` (`name`)
) ENGINE=InnoDB AUTO_INCREMENT=101 DEFAULT CHARSET=utf8mb4 COLLATE=utf8mb4_unicode_ci COMMENT='╨б╤В╤А╨░╨╜╤Л';
/*!40101 SET character_set_client = @saved_cs_client */;

--
-- Dumping data for table `countries`
--

LOCK TABLES `countries` WRITE;
/*!40000 ALTER TABLE `countries` DISABLE KEYS */;
INSERT INTO `countries` VALUES (1,'Singapore','2011-05-08 12:44:15','2014-08-07 02:55:50'),(2,'Gambia','2017-11-25 15:42:03','2021-04-27 01:02:08'),(3,'Bulgaria','2016-06-21 06:39:01','2018-11-30 23:48:53'),(4,'Ghana','2017-03-23 23:08:56','2019-11-05 10:00:16'),(5,'Aruba','2012-03-04 15:36:42','2019-05-08 19:05:37'),(6,'Vanuatu','2014-12-28 16:13:17','2021-04-27 01:02:08'),(7,'Bahamas','2019-08-23 17:49:41','2021-04-27 01:02:08'),(8,'Georgia','2015-02-22 05:36:52','2018-05-16 18:29:07'),(9,'Falkland Islands (Malvinas)','2012-06-12 14:32:29','2020-04-15 04:42:29'),(10,'Bangladesh','2017-02-24 19:02:58','2019-11-12 17:53:58'),(11,'South Africa','2012-08-23 04:23:20','2018-01-10 10:32:30'),(12,'Norway','2020-11-30 07:35:24','2021-04-27 01:02:08'),(13,'Sierra Leone','2017-12-30 18:14:04','2021-04-27 01:02:08'),(14,'Lao People\'s Democratic Republic','2017-09-15 00:41:14','2021-04-27 01:02:08'),(15,'Sao Tome and Principe','2012-09-11 03:07:21','2019-03-29 13:28:23'),(16,'Costa Rica','2018-03-05 19:00:44','2021-04-27 01:02:08'),(17,'Syrian Arab Republic','2012-09-10 09:21:35','2019-06-15 04:46:53'),(18,'Equatorial Guinea','2018-06-04 14:32:20','2021-04-27 01:02:08'),(19,'Colombia','2018-10-15 05:17:00','2021-04-27 01:02:08'),(20,'Algeria','2017-12-19 06:23:43','2021-04-27 01:02:08'),(21,'Guyana','2019-05-01 19:44:08','2021-04-27 01:02:08'),(22,'Nepal','2013-06-07 19:09:54','2018-12-14 10:02:36'),(23,'Lesotho','2020-07-17 07:18:09','2021-04-27 01:02:08'),(24,'Mayotte','2018-07-13 08:57:46','2021-04-27 01:02:08'),(25,'Samoa','2016-06-04 15:46:27','2019-01-16 14:15:31'),(26,'Bolivia','2015-11-23 17:58:20','2021-04-27 01:02:08'),(27,'Nauru','2013-03-04 23:13:55','2015-10-21 23:00:30'),(28,'Yemen','2019-10-19 00:41:49','2021-04-27 01:02:08'),(29,'Guinea-Bissau','2018-10-27 12:17:39','2019-09-29 07:40:28'),(30,'Saint Vincent and the Grenadines','2013-11-19 01:35:02','2018-01-31 01:59:46'),(31,'Jersey','2018-11-22 14:24:26','2021-04-27 01:02:08'),(32,'Moldova','2013-11-15 14:01:23','2015-12-23 08:25:35'),(33,'Saint Kitts and Nevis','2013-03-08 17:40:56','2021-04-27 01:02:08'),(34,'Niue','2014-02-01 14:31:01','2021-04-27 01:02:08'),(35,'Kazakhstan','2017-06-07 11:23:26','2020-09-28 05:36:18'),(36,'Tanzania','2015-12-15 10:39:18','2021-04-27 01:02:08'),(37,'Faroe Islands','2016-09-30 11:59:48','2021-04-27 01:02:08'),(38,'Saint Martin','2015-04-01 19:23:41','2021-04-27 01:02:08'),(39,'Belize','2017-02-17 23:21:55','2021-04-27 01:02:08'),(40,'Iran','2020-07-13 02:43:17','2021-04-27 01:02:08'),(41,'Uganda','2012-06-20 11:28:22','2014-11-13 23:29:47'),(42,'Lithuania','2016-11-09 18:06:38','2021-04-27 01:02:08'),(43,'France','2015-09-18 03:30:46','2021-04-27 01:02:08'),(44,'Tajikistan','2020-02-09 04:48:02','2021-04-27 01:02:08'),(45,'Tuvalu','2016-07-23 17:54:27','2018-07-03 05:37:49'),(46,'Korea','2015-03-17 00:06:31','2015-12-18 05:40:53'),(47,'Zimbabwe','2018-12-31 11:07:21','2020-10-12 04:20:50'),(48,'Kuwait','2018-09-12 10:58:39','2021-04-07 04:12:34'),(49,'San Marino','2020-02-03 15:08:51','2020-11-08 21:25:22'),(50,'Antarctica (the territory South of 60 deg S)','2012-09-11 16:53:48','2015-05-23 03:47:07'),(51,'Marshall Islands','2020-05-29 08:16:37','2021-04-27 01:02:08'),(52,'Bhutan','2013-04-01 14:31:12','2018-10-21 19:07:06'),(53,'Greece','2018-11-06 11:29:53','2021-04-27 01:02:08'),(54,'Vietnam','2014-07-25 22:12:41','2014-09-23 17:42:31'),(55,'Somalia','2015-06-05 12:39:03','2019-07-22 19:45:37'),(56,'Macedonia','2015-11-07 09:25:10','2016-05-29 20:26:54'),(57,'Togo','2020-08-05 15:26:28','2021-04-27 01:02:08'),(58,'Belgium','2014-12-10 05:11:02','2018-10-29 23:53:28'),(59,'Turkmenistan','2011-05-23 10:26:35','2016-02-12 02:31:21'),(60,'Bermuda','2015-09-24 20:58:43','2021-04-27 01:02:08'),(61,'Cocos (Keeling) Islands','2018-10-11 23:51:55','2021-04-27 01:02:08'),(62,'Chad','2019-03-18 14:03:37','2021-04-27 01:02:08'),(63,'Taiwan','2019-11-08 18:48:39','2021-04-27 01:02:08'),(64,'New Zealand','2014-01-03 11:01:01','2021-04-27 01:02:08'),(65,'Micronesia','2017-09-04 18:29:45','2019-01-19 13:04:34'),(66,'Latvia','2014-11-27 20:20:54','2021-04-27 01:02:08'),(67,'Brunei Darussalam','2013-09-20 12:58:43','2014-05-27 05:28:19'),(68,'Gabon','2012-12-27 03:07:24','2014-02-26 17:08:48'),(69,'Estonia','2014-02-17 19:34:45','2018-12-06 17:13:41'),(70,'United Kingdom','2018-07-17 04:28:27','2020-06-15 23:31:40'),(71,'Montenegro','2012-07-01 09:22:30','2013-08-14 03:27:54'),(72,'Bosnia and Herzegovina','2016-05-19 21:55:12','2021-04-27 01:02:08'),(73,'Tunisia','2018-01-20 07:06:48','2019-02-22 08:07:53'),(74,'Sri Lanka','2012-09-06 03:46:35','2014-09-06 11:16:47'),(75,'Honduras','2011-10-31 00:40:13','2014-08-01 01:40:39'),(76,'Mexico','2015-06-29 10:45:30','2019-01-04 20:43:13'),(77,'Norfolk Island','2012-01-19 04:39:38','2013-07-25 18:05:09'),(78,'United States Minor Outlying Islands','2020-08-26 16:13:44','2021-04-27 01:02:08'),(79,'Saint Pierre and Miquelon','2016-10-25 10:22:43','2018-11-24 09:03:41'),(80,'Guam','2015-03-20 01:35:40','2021-04-27 01:02:08'),(81,'Guatemala','2017-06-12 06:02:04','2017-10-05 16:28:43'),(82,'Timor-Leste','2011-08-11 10:02:39','2013-04-19 16:25:05'),(83,'British Indian Ocean Territory (Chagos Archipelago)','2016-05-31 20:33:14','2021-04-27 01:02:08'),(84,'Djibouti','2015-07-23 18:28:19','2021-04-27 01:02:08'),(85,'Serbia','2015-12-31 17:05:39','2021-04-27 01:02:08'),(86,'Rwanda','2020-04-09 05:53:08','2021-04-27 01:02:08'),(87,'Myanmar','2012-04-24 05:26:27','2013-04-27 18:02:15'),(88,'Fiji','2013-05-06 01:00:51','2020-07-31 13:49:07'),(89,'Nigeria','2020-07-28 01:53:44','2021-04-27 01:02:08'),(90,'Australia','2019-04-03 23:18:38','2019-07-06 04:59:35'),(91,'Pitcairn Islands','2012-03-08 23:07:12','2014-07-18 08:00:28'),(92,'Bouvet Island (Bouvetoya)','2018-12-28 12:43:50','2021-04-27 01:02:08'),(93,'Saint Lucia','2013-10-04 19:46:33','2021-04-27 01:02:08'),(94,'Egypt','2016-03-10 11:24:55','2021-04-27 01:02:08'),(95,'Turkey','2014-08-09 11:28:57','2017-08-27 14:44:20'),(96,'Malawi','2020-03-27 21:19:10','2021-04-27 01:02:08'),(97,'Kenya','2012-04-18 20:55:03','2019-12-18 09:57:35'),(98,'Cameroon','2011-11-05 11:02:23','2014-10-31 18:15:48'),(99,'Reunion','2021-01-05 11:09:47','2021-04-27 01:02:08'),(100,'South Georgia and the South Sandwich Islands','2018-06-01 13:52:29','2021-04-27 01:02:08');
/*!40000 ALTER TABLE `countries` ENABLE KEYS */;
UNLOCK TABLES;

--
-- Table structure for table `friendship`
--

DROP TABLE IF EXISTS `friendship`;
/*!40101 SET @saved_cs_client     = @@character_set_client */;
/*!50503 SET character_set_client = utf8mb4 */;
CREATE TABLE `friendship` (
  `user_id` int unsigned NOT NULL COMMENT '╨б╤Б╤Л╨╗╨║╨░ ╨╜╨░ ╨╕╨╜╨╕╤Ж╨╕╨░╤В╨╛╤А╨░ ╨┤╤А╤Г╨╢╨╡╤Б╨║╨╕╤Е ╨╛╤В╨╜╨╛╤И╨╡╨╜╨╕╨╣',
  `friend_id` int unsigned NOT NULL COMMENT '╨б╤Б╤Л╨╗╨║╨░ ╨╜╨░ ╨┐╨╛╨╗╤Г╤З╨░╤В╨╡╨╗╤П ╨┐╤А╨╕╨│╨╗╨░╤И╨╡╨╜╨╕╤П ╨┤╤А╤Г╨╢╨╕╤В╤М',
  `friendship_status_id` int unsigned NOT NULL COMMENT '╨б╤Б╤Л╨╗╨║╨░ ╨╜╨░ ╤Б╤В╨░╤В╤Г╤Б (╤В╨╡╨║╤Г╤Й╨╡╨╡ ╤Б╨╛╤Б╤В╨╛╤П╨╜╨╕╨╡) ╨╛╤В╨╜╨╛╤И╨╡╨╜╨╕╨╣',
  `confirmed_at` datetime DEFAULT NULL COMMENT '╨Т╤А╨╡╨╝╤П ╨┐╨╛╨┤╤В╨▓╨╡╤А╨╢╨┤╨╡╨╜╨╕╤П ╨┐╤А╨╕╨│╨╗╨░╤И╨╡╨╜╨╕╤П',
  `created_at` datetime DEFAULT CURRENT_TIMESTAMP COMMENT '╨Т╤А╨╡╨╝╤П ╤Б╨╛╨╖╨┤╨░╨╜╨╕╤П ╤Б╤В╤А╨╛╨║╨╕',
  `updated_at` datetime DEFAULT CURRENT_TIMESTAMP ON UPDATE CURRENT_TIMESTAMP COMMENT '╨Т╤А╨╡╨╝╤П ╨╛╨▒╨╜╨╛╨▓╨╗╨╡╨╜╨╕╤П ╤Б╤В╤А╨╛╨║╨╕',
  PRIMARY KEY (`user_id`,`friend_id`) COMMENT '╨б╨╛╤Б╤В╨░╨▓╨╜╨╛╨╣ ╨┐╨╡╤А╨▓╨╕╤З╨╜╤Л╨╣ ╨║╨╗╤О╤З',
  KEY `friendship_friendship_status_id_fk` (`friendship_status_id`),
  KEY `friendship_friend_id_fk` (`friend_id`),
  CONSTRAINT `friendship_friend_id_fk` FOREIGN KEY (`friend_id`) REFERENCES `users` (`id`),
  CONSTRAINT `friendship_friendship_status_id_fk` FOREIGN KEY (`friendship_status_id`) REFERENCES `friendship_statuses` (`id`),
  CONSTRAINT `friendship_user_id_fk` FOREIGN KEY (`user_id`) REFERENCES `users` (`id`)
) ENGINE=InnoDB DEFAULT CHARSET=utf8mb4 COLLATE=utf8mb4_unicode_ci COMMENT='╨в╨░╨▒╨╗╨╕╤Ж╨░ ╨┤╤А╤Г╨╢╨▒╤Л';
/*!40101 SET character_set_client = @saved_cs_client */;

--
-- Dumping data for table `friendship`
--

LOCK TABLES `friendship` WRITE;
/*!40000 ALTER TABLE `friendship` DISABLE KEYS */;
INSERT INTO `friendship` VALUES (1,60,3,'2021-04-27 02:10:57','2019-11-13 23:22:41','2021-04-27 02:19:17'),(2,35,3,'2012-12-09 01:48:43','2012-04-30 06:48:13','2021-04-27 02:19:17'),(3,94,2,'2021-04-27 02:10:57','2017-09-25 07:49:06','2021-04-27 02:19:17'),(4,49,2,'2021-04-27 02:10:57','2016-01-14 10:18:24','2021-04-27 02:19:17'),(4,50,2,'2021-04-27 02:10:57','2018-03-09 03:07:27','2021-04-27 02:19:17'),(5,3,3,'2019-05-29 14:40:14','2016-06-04 12:50:30','2021-04-27 02:19:17'),(5,32,2,'2021-01-28 11:16:31','2018-10-12 10:30:36','2021-04-27 02:19:17'),(5,52,2,'2020-03-29 21:10:24','2018-12-01 06:14:55','2021-04-27 02:19:17'),(5,83,3,'2021-04-18 11:48:07','2017-10-26 06:17:03','2021-04-27 02:19:17'),(8,62,3,'2015-06-23 18:28:56','2012-10-18 04:51:20','2021-04-27 02:19:17'),(8,81,3,'2020-11-14 15:24:08','2014-11-02 13:02:17','2021-04-27 02:19:17'),(9,5,3,'2021-04-27 02:10:57','2021-03-28 02:55:02','2021-04-27 02:19:17'),(9,33,2,'2016-08-23 17:59:01','2011-08-17 12:47:30','2021-04-27 02:19:17'),(10,38,2,'2020-05-30 04:27:09','2017-05-29 15:53:04','2021-04-27 02:19:17'),(11,38,2,'2021-04-27 02:10:57','2017-01-31 21:41:24','2021-04-27 02:19:17'),(11,46,3,'2021-04-27 02:10:57','2016-06-17 18:05:38','2021-04-27 02:19:17'),(11,55,2,'2021-04-27 02:10:57','2018-01-16 21:41:55','2021-04-27 02:19:17'),(12,22,3,'2021-04-27 02:10:57','2016-06-21 01:36:50','2021-04-27 02:19:17'),(14,17,2,'2021-04-27 02:10:57','2017-04-02 16:58:41','2021-04-27 02:19:17'),(14,41,2,'2018-06-19 06:49:08','2011-11-25 21:25:46','2021-04-27 02:19:17'),(16,76,1,'2019-01-17 14:39:20','2015-03-23 16:40:36','2021-04-27 02:19:17'),(16,100,2,'2014-07-22 22:32:42','2013-12-07 05:57:47','2021-04-27 02:19:17'),(17,52,1,'2021-04-27 02:10:57','2018-01-26 05:11:25','2021-04-27 02:19:17'),(18,49,3,'2017-02-09 02:20:37','2013-04-10 20:13:45','2021-04-27 02:19:17'),(19,4,2,'2017-08-27 07:17:36','2012-11-17 16:36:28','2021-04-27 02:19:17'),(19,27,3,'2019-08-23 19:35:08','2016-06-18 05:54:42','2021-04-27 02:19:17'),(22,22,2,'2018-06-17 05:35:39','2016-12-24 00:17:54','2021-04-27 02:19:17'),(22,52,3,'2021-04-27 02:10:57','2019-11-12 11:35:41','2021-04-27 02:19:17'),(23,91,3,'2021-04-27 02:10:57','2017-09-04 20:38:32','2021-04-27 02:19:17'),(25,2,2,'2015-04-26 07:39:58','2011-11-14 19:07:59','2021-04-27 02:19:17'),(26,61,1,'2021-04-27 02:10:57','2014-09-18 04:23:57','2021-04-27 02:19:17'),(27,27,2,'2019-11-25 21:56:13','2015-11-11 05:22:22','2021-04-27 02:19:17'),(28,97,3,'2019-01-01 09:04:40','2014-06-15 06:03:29','2021-04-27 02:19:17'),(30,29,2,'2019-04-25 22:32:41','2015-07-06 09:36:02','2021-04-27 02:19:17'),(31,13,3,'2021-04-27 02:10:57','2016-12-04 17:55:59','2021-04-27 02:19:17'),(33,16,3,'2021-04-27 02:10:57','2019-10-08 22:35:32','2021-04-27 02:19:17'),(33,26,1,'2021-04-27 02:10:57','2014-05-13 00:17:39','2021-04-27 02:19:17'),(35,2,1,'2014-10-13 03:59:56','2012-11-17 21:34:51','2021-04-27 02:19:17'),(35,21,1,'2021-04-27 02:10:57','2018-09-06 01:37:31','2021-04-27 02:19:17'),(36,3,1,'2021-04-27 02:10:57','2019-09-24 03:28:50','2021-04-27 02:19:17'),(36,97,3,'2016-02-13 20:00:41','2012-02-07 23:10:27','2021-04-27 02:19:17'),(38,65,1,'2020-02-05 22:34:42','2013-05-27 12:14:41','2021-04-27 02:19:17'),(42,10,1,'2021-04-27 02:10:57','2017-05-30 23:49:19','2021-04-27 02:19:17'),(42,22,3,'2021-04-27 02:10:57','2020-02-11 16:47:21','2021-04-27 02:19:17'),(42,45,3,'2021-04-09 18:37:56','2016-11-26 09:59:56','2021-04-27 02:19:17'),(43,71,1,'2021-04-27 02:10:57','2019-03-15 10:07:45','2021-04-27 02:19:17'),(44,6,3,'2013-04-05 18:21:16','2011-12-16 05:24:21','2021-04-27 02:19:17'),(44,99,2,'2021-04-27 02:10:57','2020-10-14 03:17:50','2021-04-27 02:19:17'),(46,24,3,'2021-04-27 02:10:57','2016-08-09 23:36:28','2021-04-27 02:19:17'),(48,10,1,'2021-01-08 07:10:16','2019-05-23 14:09:42','2021-04-27 02:19:17'),(48,20,2,'2015-12-19 05:59:21','2011-10-15 18:14:05','2021-04-27 02:19:17'),(48,91,1,'2020-05-28 23:50:38','2015-08-03 01:08:55','2021-04-27 02:19:17'),(49,22,2,'2017-05-07 20:23:23','2012-01-06 17:52:02','2021-04-27 02:19:17'),(49,29,1,'2015-12-19 01:26:39','2015-10-25 23:34:03','2021-04-27 02:19:17'),(50,48,3,'2019-01-26 04:15:22','2014-10-21 23:16:50','2021-04-27 02:19:17'),(50,56,1,'2021-04-27 02:10:57','2013-01-04 20:34:31','2021-04-27 02:19:17'),(53,73,1,'2021-04-27 02:10:57','2017-12-07 04:15:04','2021-04-27 02:19:17'),(54,8,3,'2021-04-27 02:10:57','2019-11-11 10:02:32','2021-04-27 02:19:17'),(54,15,1,'2021-04-27 02:10:57','2020-08-22 23:30:26','2021-04-27 02:19:17'),(54,42,2,'2021-04-27 02:10:57','2018-01-26 15:54:30','2021-04-27 02:19:17'),(55,97,1,'2021-04-27 02:10:57','2020-06-28 05:01:10','2021-04-27 02:19:17'),(57,6,2,'2021-04-27 02:10:57','2018-10-14 12:53:31','2021-04-27 02:19:17'),(58,50,3,'2021-04-27 02:10:57','2020-03-27 04:44:11','2021-04-27 02:19:17'),(58,87,2,'2015-09-10 20:21:59','2013-04-28 15:00:25','2021-04-27 02:19:17'),(60,40,1,'2013-05-27 18:52:36','2013-04-18 19:13:35','2021-04-27 02:19:17'),(62,54,3,'2016-03-10 21:20:35','2014-12-21 04:32:17','2021-04-27 02:19:17'),(62,79,1,'2018-01-02 06:18:46','2015-01-03 05:53:23','2021-04-27 02:19:17'),(63,66,2,'2018-06-23 03:01:26','2011-09-08 02:53:01','2021-04-27 02:19:17'),(65,74,3,'2021-04-27 02:10:57','2017-09-05 09:10:51','2021-04-27 02:19:17'),(65,99,3,'2021-04-27 02:10:57','2021-02-28 14:58:29','2021-04-27 02:19:17'),(66,69,2,'2021-01-13 18:30:22','2016-11-02 19:13:14','2021-04-27 02:19:17'),(69,53,2,'2021-04-27 02:10:57','2018-11-18 11:04:58','2021-04-27 02:19:17'),(71,1,3,'2021-04-27 02:10:57','2019-12-17 20:34:47','2021-04-27 02:19:17'),(71,13,2,'2017-09-11 16:58:09','2017-02-25 00:46:42','2021-04-27 02:19:17'),(71,16,3,'2018-11-27 04:17:02','2013-11-12 09:02:26','2021-04-27 02:19:17'),(72,48,1,'2021-04-27 02:10:57','2018-11-01 07:39:55','2021-04-27 02:19:17'),(72,51,2,'2017-08-13 11:53:18','2014-04-03 21:23:18','2021-04-27 02:19:17'),(72,71,2,'2021-04-27 02:10:57','2016-09-28 15:25:59','2021-04-27 02:19:17'),(74,22,3,'2021-04-27 02:10:57','2016-06-02 08:24:13','2021-04-27 02:19:17'),(74,84,3,'2021-04-27 02:10:57','2015-03-15 03:09:10','2021-04-27 02:19:17'),(74,92,2,'2019-12-25 03:57:49','2014-01-14 16:48:09','2021-04-27 02:19:17'),(76,62,3,'2021-04-27 02:10:57','2021-03-22 00:15:36','2021-04-27 02:19:17'),(76,84,3,'2021-04-27 02:10:57','2016-11-05 10:38:48','2021-04-27 02:19:17'),(78,81,3,'2016-08-20 12:02:14','2014-04-15 03:11:10','2021-04-27 02:19:17'),(81,22,3,'2021-04-27 02:10:57','2018-07-07 15:56:27','2021-04-27 02:19:17'),(83,21,2,'2019-02-07 13:46:07','2012-12-07 17:55:15','2021-04-27 02:19:17'),(88,10,3,'2021-04-27 02:10:57','2012-12-02 10:52:33','2021-04-27 02:19:17'),(88,58,1,'2021-04-27 02:10:57','2018-04-03 00:19:16','2021-04-27 02:19:17'),(88,81,2,'2020-08-03 07:10:49','2011-05-28 01:40:50','2021-04-27 02:19:17'),(89,43,2,'2021-04-27 02:10:57','2020-06-14 08:54:42','2021-04-27 02:19:17'),(91,40,1,'2021-04-27 02:10:57','2019-10-25 05:28:15','2021-04-27 02:19:17'),(92,70,3,'2021-04-27 02:10:57','2015-01-30 10:36:04','2021-04-27 02:19:17'),(94,3,1,'2020-01-22 18:29:36','2017-05-07 00:39:42','2021-04-27 02:19:17'),(94,95,3,'2012-11-20 14:20:40','2011-06-01 22:59:04','2021-04-27 02:19:17'),(95,47,2,'2012-07-07 21:04:14','2012-01-06 04:08:14','2021-04-27 02:19:17'),(96,36,3,'2021-04-27 02:10:57','2018-07-15 00:43:08','2021-04-27 02:19:17'),(98,2,1,'2017-04-19 02:11:40','2015-05-28 13:05:02','2021-04-27 02:19:17'),(98,94,3,'2016-08-26 11:49:21','2012-04-24 01:34:36','2021-04-27 02:19:17'),(99,36,3,'2019-11-26 11:01:39','2015-01-19 05:28:12','2021-04-27 02:19:17'),(100,43,1,'2021-04-27 02:10:57','2015-07-29 09:55:19','2021-04-27 02:19:17');
/*!40000 ALTER TABLE `friendship` ENABLE KEYS */;
UNLOCK TABLES;

--
-- Table structure for table `friendship_statuses`
--

DROP TABLE IF EXISTS `friendship_statuses`;
/*!40101 SET @saved_cs_client     = @@character_set_client */;
/*!50503 SET character_set_client = utf8mb4 */;
CREATE TABLE `friendship_statuses` (
  `id` int unsigned NOT NULL AUTO_INCREMENT COMMENT '╨Ш╨┤╨╡╨╜╤В╨╕╤Д╨╕╨║╨░╤В╨╛╤А ╤Б╤В╤А╨╛╨║╨╕',
  `name` varchar(150) CHARACTER SET utf8mb4 COLLATE utf8mb4_unicode_ci NOT NULL COMMENT '╨Э╨░╨╖╨▓╨░╨╜╨╕╨╡ ╤Б╤В╨░╤В╤Г╤Б╨░',
  `created_at` datetime DEFAULT CURRENT_TIMESTAMP COMMENT '╨Т╤А╨╡╨╝╤П ╤Б╨╛╨╖╨┤╨░╨╜╨╕╤П ╤Б╤В╤А╨╛╨║╨╕',
  `updated_at` datetime DEFAULT CURRENT_TIMESTAMP ON UPDATE CURRENT_TIMESTAMP COMMENT '╨Т╤А╨╡╨╝╤П ╨╛╨▒╨╜╨╛╨▓╨╗╨╡╨╜╨╕╤П ╤Б╤В╤А╨╛╨║╨╕',
  PRIMARY KEY (`id`),
  UNIQUE KEY `name` (`name`)
) ENGINE=InnoDB AUTO_INCREMENT=4 DEFAULT CHARSET=utf8mb4 COLLATE=utf8mb4_unicode_ci COMMENT='╨б╤В╨░╤В╤Г╤Б╤Л ╨┤╤А╤Г╨╢╨▒╤Л';
/*!40101 SET character_set_client = @saved_cs_client */;

--
-- Dumping data for table `friendship_statuses`
--

LOCK TABLES `friendship_statuses` WRITE;
/*!40000 ALTER TABLE `friendship_statuses` DISABLE KEYS */;
INSERT INTO `friendship_statuses` VALUES (1,'Requested','2021-04-27 02:06:38','2021-04-27 02:06:38'),(2,'Confirmed','2021-04-27 02:06:38','2021-04-27 02:06:38'),(3,'Rejected','2021-04-27 02:06:38','2021-04-27 02:06:38');
/*!40000 ALTER TABLE `friendship_statuses` ENABLE KEYS */;
UNLOCK TABLES;

--
-- Table structure for table `genders`
--

DROP TABLE IF EXISTS `genders`;
/*!40101 SET @saved_cs_client     = @@character_set_client */;
/*!50503 SET character_set_client = utf8mb4 */;
CREATE TABLE `genders` (
  `id` int unsigned NOT NULL AUTO_INCREMENT COMMENT '╨Ш╨┤╨╡╨╜╤В╨╕╤Д╨╕╨║╨░╤В╨╛╤А ╤Б╤В╤А╨╛╨║╨╕',
  `name` varchar(130) CHARACTER SET utf8mb4 COLLATE utf8mb4_unicode_ci NOT NULL COMMENT '╨Э╨░╨╖╨▓╨░╨╜╨╕╨╡ ╨│╨╡╨╜╨┤╨╡╤А╨░',
  `created_at` datetime DEFAULT CURRENT_TIMESTAMP COMMENT '╨Т╤А╨╡╨╝╤П ╤Б╨╛╨╖╨┤╨░╨╜╨╕╤П ╤Б╤В╤А╨╛╨║╨╕',
  `updated_at` datetime DEFAULT CURRENT_TIMESTAMP ON UPDATE CURRENT_TIMESTAMP COMMENT '╨Т╤А╨╡╨╝╤П ╨╛╨▒╨╜╨╛╨▓╨╗╨╡╨╜╨╕╤П ╤Б╤В╤А╨╛╨║╨╕',
  PRIMARY KEY (`id`),
  UNIQUE KEY `name` (`name`)
) ENGINE=InnoDB AUTO_INCREMENT=12 DEFAULT CHARSET=utf8mb4 COLLATE=utf8mb4_unicode_ci COMMENT='╨б╤В╨░╤В╤Г╤Б╤Л ╨┤╤А╤Г╨╢╨▒╤Л';
/*!40101 SET character_set_client = @saved_cs_client */;

--
-- Dumping data for table `genders`
--

LOCK TABLES `genders` WRITE;
/*!40000 ALTER TABLE `genders` DISABLE KEYS */;
INSERT INTO `genders` VALUES (1,'Женщина','2021-04-27 03:20:20','2021-04-27 03:20:20'),(2,'Мужчина','2021-04-27 03:20:20','2021-04-27 03:20:20'),(3,'Цисгендер','2021-04-27 03:20:20','2021-04-27 03:20:20'),(4,'Бигендер','2021-04-27 03:20:20','2021-04-27 03:20:20'),(5,'Транссексуал','2021-04-27 03:20:20','2021-04-27 03:20:20'),(6,'Демигендер','2021-04-27 03:20:20','2021-04-27 03:20:20'),(7,'Пангендер','2021-04-27 03:20:20','2021-04-27 03:20:20'),(8,'Андрогин','2021-04-27 03:20:20','2021-04-27 03:20:20'),(9,'Гендер-флюид','2021-04-27 03:20:20','2021-04-27 03:20:20'),(10,'Транс-гендер','2021-04-27 03:20:20','2021-04-27 03:20:20'),(11,'Третий пол','2021-04-27 03:20:20','2021-04-27 03:20:20');
/*!40000 ALTER TABLE `genders` ENABLE KEYS */;
UNLOCK TABLES;

--
-- Table structure for table `likes`
--

DROP TABLE IF EXISTS `likes`;
/*!40101 SET @saved_cs_client     = @@character_set_client */;
/*!50503 SET character_set_client = utf8mb4 */;
CREATE TABLE `likes` (
  `id` int unsigned NOT NULL AUTO_INCREMENT,
  `user_id` int unsigned NOT NULL,
  `target_id` int unsigned NOT NULL,
  `target_type` enum('messages','users','posts','media') DEFAULT NULL,
  `created_at` datetime DEFAULT CURRENT_TIMESTAMP,
  PRIMARY KEY (`id`),
  KEY `likes_user_id_fk` (`user_id`),
  CONSTRAINT `likes_user_id_fk` FOREIGN KEY (`user_id`) REFERENCES `users` (`id`)
) ENGINE=InnoDB AUTO_INCREMENT=101 DEFAULT CHARSET=utf8mb4 COLLATE=utf8mb4_0900_ai_ci;
/*!40101 SET character_set_client = @saved_cs_client */;

--
-- Dumping data for table `likes`
--

LOCK TABLES `likes` WRITE;
/*!40000 ALTER TABLE `likes` DISABLE KEYS */;
INSERT INTO `likes` VALUES (1,86,85,'posts','2021-05-01 00:34:25'),(2,53,48,'users','2021-05-01 00:34:25'),(3,94,6,'messages','2021-05-01 00:34:25'),(4,46,98,'media','2021-05-01 00:34:25'),(5,80,75,'users','2021-05-01 00:34:25'),(6,95,43,'users','2021-05-01 00:34:25'),(7,24,60,'posts','2021-05-01 00:34:25'),(8,74,82,'users','2021-05-01 00:34:25'),(9,99,15,'messages','2021-05-01 00:34:25'),(10,62,89,'messages','2021-05-01 00:34:25'),(11,13,68,'media','2021-05-01 00:34:25'),(12,49,8,'users','2021-05-01 00:34:25'),(13,71,81,'users','2021-05-01 00:34:25'),(14,99,73,'posts','2021-05-01 00:34:25'),(15,29,34,'users','2021-05-01 00:34:25'),(16,94,27,'media','2021-05-01 00:34:25'),(17,7,62,'users','2021-05-01 00:34:25'),(18,95,20,'media','2021-05-01 00:34:25'),(19,43,84,'users','2021-05-01 00:34:25'),(20,17,74,'media','2021-05-01 00:34:25'),(21,13,68,'posts','2021-05-01 00:34:25'),(22,60,74,'messages','2021-05-01 00:34:25'),(23,94,18,'media','2021-05-01 00:34:25'),(24,52,86,'users','2021-05-01 00:34:25'),(25,53,80,'media','2021-05-01 00:34:25'),(26,78,5,'users','2021-05-01 00:34:25'),(27,58,70,'posts','2021-05-01 00:34:25'),(28,42,9,'users','2021-05-01 00:34:25'),(29,21,87,'messages','2021-05-01 00:34:25'),(30,84,87,'messages','2021-05-01 00:34:25'),(31,67,1,'media','2021-05-01 00:34:25'),(32,70,31,'messages','2021-05-01 00:34:25'),(33,53,57,'media','2021-05-01 00:34:25'),(34,42,45,'users','2021-05-01 00:34:25'),(35,46,96,'messages','2021-05-01 00:34:25'),(36,73,14,'media','2021-05-01 00:34:25'),(37,9,89,'users','2021-05-01 00:34:25'),(38,2,88,'messages','2021-05-01 00:34:25'),(39,48,19,'users','2021-05-01 00:34:25'),(40,99,38,'posts','2021-05-01 00:34:25'),(41,49,77,'media','2021-05-01 00:34:25'),(42,8,36,'posts','2021-05-01 00:34:25'),(43,71,60,'users','2021-05-01 00:34:25'),(44,49,3,'messages','2021-05-01 00:34:25'),(45,100,74,'messages','2021-05-01 00:34:25'),(46,99,23,'messages','2021-05-01 00:34:25'),(47,24,18,'media','2021-05-01 00:34:25'),(48,55,83,'posts','2021-05-01 00:34:25'),(49,70,76,'users','2021-05-01 00:34:25'),(50,33,9,'posts','2021-05-01 00:34:25'),(51,86,42,'messages','2021-05-01 00:34:25'),(52,79,1,'posts','2021-05-01 00:34:25'),(53,70,74,'users','2021-05-01 00:34:25'),(54,34,57,'posts','2021-05-01 00:34:25'),(55,44,4,'posts','2021-05-01 00:34:25'),(56,48,90,'media','2021-05-01 00:34:25'),(57,79,50,'messages','2021-05-01 00:34:25'),(58,96,22,'posts','2021-05-01 00:34:25'),(59,85,28,'users','2021-05-01 00:34:25'),(60,18,82,'posts','2021-05-01 00:34:25'),(61,9,28,'media','2021-05-01 00:34:25'),(62,5,41,'messages','2021-05-01 00:34:25'),(63,35,12,'users','2021-05-01 00:34:25'),(64,1,97,'messages','2021-05-01 00:34:25'),(65,34,88,'users','2021-05-01 00:34:25'),(66,18,71,'media','2021-05-01 00:34:25'),(67,23,42,'users','2021-05-01 00:34:25'),(68,31,41,'media','2021-05-01 00:34:25'),(69,27,90,'posts','2021-05-01 00:34:25'),(70,63,62,'posts','2021-05-01 00:34:25'),(71,96,96,'users','2021-05-01 00:34:25'),(72,27,40,'media','2021-05-01 00:34:25'),(73,7,80,'posts','2021-05-01 00:34:25'),(74,72,51,'messages','2021-05-01 00:34:25'),(75,78,18,'messages','2021-05-01 00:34:25'),(76,43,77,'messages','2021-05-01 00:34:25'),(77,9,96,'media','2021-05-01 00:34:25'),(78,18,38,'media','2021-05-01 00:34:25'),(79,94,83,'messages','2021-05-01 00:34:25'),(80,43,50,'media','2021-05-01 00:34:25'),(81,27,38,'media','2021-05-01 00:34:25'),(82,39,92,'messages','2021-05-01 00:34:25'),(83,41,45,'media','2021-05-01 00:34:25'),(84,17,53,'media','2021-05-01 00:34:25'),(85,86,61,'users','2021-05-01 00:34:25'),(86,23,34,'media','2021-05-01 00:34:25'),(87,53,19,'messages','2021-05-01 00:34:25'),(88,41,89,'media','2021-05-01 00:34:25'),(89,12,65,'messages','2021-05-01 00:34:25'),(90,88,43,'posts','2021-05-01 00:34:25'),(91,67,50,'media','2021-05-01 00:34:25'),(92,26,65,'users','2021-05-01 00:34:25'),(93,97,40,'media','2021-05-01 00:34:25'),(94,76,55,'posts','2021-05-01 00:34:25'),(95,3,100,'posts','2021-05-01 00:34:25'),(96,64,84,'media','2021-05-01 00:34:25'),(97,88,45,'media','2021-05-01 00:34:25'),(98,21,89,'users','2021-05-01 00:34:25'),(99,77,75,'posts','2021-05-01 00:34:25'),(100,28,33,'users','2021-05-01 00:34:25');
/*!40000 ALTER TABLE `likes` ENABLE KEYS */;
UNLOCK TABLES;

--
-- Table structure for table `media`
--

DROP TABLE IF EXISTS `media`;
/*!40101 SET @saved_cs_client     = @@character_set_client */;
/*!50503 SET character_set_client = utf8mb4 */;
CREATE TABLE `media` (
  `id` int unsigned NOT NULL AUTO_INCREMENT COMMENT '╨Ш╨┤╨╡╨╜╤В╨╕╤Д╨╕╨║╨░╤В╨╛╤А ╤Б╤В╤А╨╛╨║╨╕',
  `user_id` int unsigned NOT NULL COMMENT '╨б╤Б╤Л╨╗╨║╨░ ╨╜╨░ ╨┐╨╛╨╗╤М╨╖╨╛╨▓╨░╤В╨╡╨╗╤П, ╨║╨╛╤В╨╛╤А╤Л╨╣ ╨╖╨░╨│╤А╤Г╨╖╨╕╨╗ ╤Д╨░╨╣╨╗',
  `filename` varchar(255) CHARACTER SET utf8mb4 COLLATE utf8mb4_unicode_ci NOT NULL COMMENT '╨Я╤Г╤В╤М ╨║ ╤Д╨░╨╣╨╗╤Г',
  `size` int NOT NULL COMMENT '╨а╨░╨╖╨╝╨╡╤А ╤Д╨░╨╣╨╗╨░',
  `metadata` json DEFAULT NULL,
  `media_type_id` int unsigned NOT NULL COMMENT '╨б╤Б╤Л╨╗╨║╨░ ╨╜╨░ ╤В╨╕╨┐ ╨║╨╛╨╜╤В╨╡╨╜╤В╨░',
  `created_at` datetime DEFAULT CURRENT_TIMESTAMP COMMENT '╨Т╤А╨╡╨╝╤П ╤Б╨╛╨╖╨┤╨░╨╜╨╕╤П ╤Б╤В╤А╨╛╨║╨╕',
  `updated_at` datetime DEFAULT CURRENT_TIMESTAMP ON UPDATE CURRENT_TIMESTAMP COMMENT '╨Т╤А╨╡╨╝╤П ╨╛╨▒╨╜╨╛╨▓╨╗╨╡╨╜╨╕╤П ╤Б╤В╤А╨╛╨║╨╕',
  PRIMARY KEY (`id`),
  KEY `media_user_id_fk` (`user_id`),
  KEY `media_media_type_id_fk` (`media_type_id`),
  CONSTRAINT `media_media_type_id_fk` FOREIGN KEY (`media_type_id`) REFERENCES `media_types` (`id`),
  CONSTRAINT `media_user_id_fk` FOREIGN KEY (`user_id`) REFERENCES `users` (`id`),
  CONSTRAINT `media_chk_1` CHECK (json_valid(`metadata`))
) ENGINE=InnoDB AUTO_INCREMENT=101 DEFAULT CHARSET=utf8mb4 COLLATE=utf8mb4_unicode_ci COMMENT='╨Ь╨╡╨┤╨╕╨░╤Д╨░╨╣╨╗╤Л';
/*!40101 SET character_set_client = @saved_cs_client */;

--
-- Dumping data for table `media`
--

LOCK TABLES `media` WRITE;
/*!40000 ALTER TABLE `media` DISABLE KEYS */;
INSERT INTO `media` VALUES (1,23,'http://dropbox.com/vk/Id et eos ex dicta animi magnam..png',220851585,'{\"owner\": \"Oma Keeling\"}',1,'2012-12-10 10:06:15','2021-04-27 02:51:35'),(2,21,'http://dropbox.com/vk/Eum sint quia ex aut accusamus similique..mpeg',47022008,'{\"owner\": \"Crystal Hoeger\"}',2,'2013-09-22 12:25:26','2021-04-27 02:51:35'),(3,12,'http://dropbox.com/vk/Aut rem omnis ullam porro qui ducimus..jpeg',572455316,'{\"owner\": \"Damion Spinka\"}',2,'2012-11-09 18:03:27','2021-04-27 02:55:59'),(4,71,'http://dropbox.com/vk/Et quaerat voluptatum sint veniam dicta..jpeg',57246,'{\"owner\": \"Fatima Jaskolski\"}',2,'2019-11-14 17:12:34','2021-04-27 02:55:59'),(5,98,'http://dropbox.com/vk/Vitae cumque veritatis maiores illum dolores dolor harum ratione..avi',721110587,'{\"owner\": \"Sven Bradtke\"}',1,'2011-06-17 20:05:44','2021-04-27 02:55:59'),(6,90,'http://dropbox.com/vk/Ut similique sed dolorem quo..png',2483359,'{\"owner\": \"Hailey Murray\"}',2,'2016-06-03 18:36:08','2021-04-27 02:55:59'),(7,100,'http://dropbox.com/vk/Eligendi ipsam cupiditate earum at eum eaque sequi..jpeg',888087020,'{\"owner\": \"Shanie Raynor\"}',3,'2015-05-17 22:43:17','2021-04-27 02:55:59'),(8,33,'http://dropbox.com/vk/Tenetur deleniti soluta corrupti voluptatem exercitationem ducimus..mpeg',95104,'{\"owner\": \"Lavinia Lebsack\"}',2,'2017-02-20 09:30:44','2021-04-27 02:51:35'),(9,85,'http://dropbox.com/vk/Voluptatem blanditiis fugiat debitis vel..mpeg',860483932,'{\"owner\": \"Luz Jerde\"}',1,'2015-01-21 03:42:02','2021-04-27 02:55:59'),(10,24,'http://dropbox.com/vk/A ut dolorem fugit quisquam..mpeg',815476754,'{\"owner\": \"Darren Vandervort\"}',2,'2020-10-11 16:09:29','2021-04-27 02:55:59'),(11,71,'http://dropbox.com/vk/Odio odio provident cumque sed..mp3',52118,'{\"owner\": \"Fatima Jaskolski\"}',2,'2020-02-28 05:03:58','2021-04-27 02:55:59'),(12,22,'http://dropbox.com/vk/Consequatur et assumenda cupiditate laudantium minima excepturi sit..avi',161321,'{\"owner\": \"Eva Mitchell\"}',2,'2014-06-08 14:43:27','2021-04-27 02:55:59'),(13,19,'http://dropbox.com/vk/Distinctio repellendus dolorem architecto rem natus voluptatem..png',686494143,'{\"owner\": \"Raul Spencer\"}',2,'2012-10-15 00:51:15','2021-04-27 02:55:59'),(14,23,'http://dropbox.com/vk/Similique sit recusandae sed et enim voluptatem sint..avi',9727874,'{\"owner\": \"Oma Keeling\"}',2,'2011-11-29 08:08:48','2021-04-27 02:51:35'),(15,49,'http://dropbox.com/vk/Voluptatem aut vitae non sit nisi et tempore..mp3',277003368,'{\"owner\": \"Lionel Mills\"}',2,'2016-08-15 01:19:43','2021-04-27 02:55:59'),(16,43,'http://dropbox.com/vk/Aut consequatur quod hic consequatur est..png',83475192,'{\"owner\": \"Jared Schuppe\"}',1,'2017-10-25 15:34:07','2021-04-27 02:55:59'),(17,66,'http://dropbox.com/vk/Non et et quis tempora..png',720655813,'{\"owner\": \"Sam Kutch\"}',2,'2016-08-10 18:04:55','2021-04-27 02:55:59'),(18,72,'http://dropbox.com/vk/Voluptatem eos ratione sint voluptatum ullam quam..mpeg',24825908,'{\"owner\": \"Sophia Hickle\"}',3,'2019-07-11 06:42:19','2021-04-27 02:55:59'),(19,5,'http://dropbox.com/vk/Velit qui hic sit molestiae consequuntur itaque sed voluptas..avi',772168992,'{\"owner\": \"Wade Oberbrunner\"}',3,'2018-02-13 12:18:15','2021-04-27 02:55:59'),(20,27,'http://dropbox.com/vk/Eveniet eos voluptatibus consequuntur autem autem vitae..avi',698777554,'{\"owner\": \"Yessenia Bergnaum\"}',2,'2012-03-13 19:39:53','2021-04-27 02:51:35'),(21,85,'http://dropbox.com/vk/Sint debitis quidem vel eligendi..mpeg',371847,'{\"owner\": \"Luz Jerde\"}',2,'2021-01-14 22:13:31','2021-04-27 02:55:59'),(22,58,'http://dropbox.com/vk/Numquam reprehenderit veritatis totam earum pariatur deserunt..jpeg',177280824,'{\"owner\": \"Ladarius Goyette\"}',3,'2012-08-22 08:53:22','2021-04-27 02:55:59'),(23,10,'http://dropbox.com/vk/Dolores quia maxime voluptatibus in..mpeg',24054,'{\"owner\": \"Lupe Jenkins\"}',3,'2016-06-30 04:24:37','2021-04-27 02:55:59'),(24,95,'http://dropbox.com/vk/Mollitia voluptatem esse et vel fuga beatae..mpeg',789971487,'{\"owner\": \"Anahi Skiles\"}',2,'2014-01-31 23:30:28','2021-04-27 02:55:59'),(25,1,'http://dropbox.com/vk/Numquam voluptates quam possimus natus sit sit..png',69989,'{\"owner\": \"Daphne Bauch\"}',2,'2014-02-23 09:27:44','2021-04-27 02:55:59'),(26,91,'http://dropbox.com/vk/Et ut non temporibus..avi',56830,'{\"owner\": \"Thea Swaniawski\"}',3,'2016-12-13 21:26:38','2021-04-27 02:55:59'),(27,99,'http://dropbox.com/vk/Incidunt quia sint ratione aut dolores dolore sit labore..jpeg',417914996,'{\"owner\": \"Dixie Stokes\"}',2,'2011-08-27 17:52:26','2021-04-27 02:55:59'),(28,20,'http://dropbox.com/vk/Animi aut et et sit autem minus occaecati..avi',104418721,'{\"owner\": \"Kristina Reichert\"}',1,'2015-02-09 03:15:51','2021-04-27 02:55:59'),(29,68,'http://dropbox.com/vk/Officiis necessitatibus est repudiandae asperiores facilis magnam..jpeg',719560550,'{\"owner\": \"Immanuel Hauck\"}',3,'2020-04-28 20:16:58','2021-04-27 02:55:59'),(30,50,'http://dropbox.com/vk/Eveniet culpa dignissimos sunt quam unde ea labore..png',150955,'{\"owner\": \"Liam Koepp\"}',3,'2013-06-07 06:12:15','2021-04-27 02:55:59'),(31,68,'http://dropbox.com/vk/Ut distinctio quis ut repellendus optio voluptatum accusamus..mpeg',84023752,'{\"owner\": \"Immanuel Hauck\"}',3,'2018-04-06 00:12:02','2021-04-27 02:55:59'),(32,22,'http://dropbox.com/vk/Est eligendi qui veritatis esse..mpeg',5798361,'{\"owner\": \"Eva Mitchell\"}',3,'2012-03-18 07:54:57','2021-04-27 02:55:59'),(33,5,'http://dropbox.com/vk/Et aut in consequatur necessitatibus eos velit quibusdam..png',59034,'{\"owner\": \"Wade Oberbrunner\"}',2,'2012-06-24 23:11:54','2021-04-27 02:55:59'),(34,12,'http://dropbox.com/vk/Et inventore minima tempora pariatur sit..jpeg',343957793,'{\"owner\": \"Damion Spinka\"}',2,'2017-02-12 10:13:09','2021-04-27 02:55:59'),(35,84,'http://dropbox.com/vk/Doloribus neque aut atque..mp3',561007346,'{\"owner\": \"Maryjane Beier\"}',1,'2017-06-07 10:58:21','2021-04-27 02:55:59'),(36,42,'http://dropbox.com/vk/Sint quia reiciendis est..png',354390266,'{\"owner\": \"Dayana Mills\"}',3,'2013-10-08 14:59:06','2021-04-27 02:55:59'),(37,71,'http://dropbox.com/vk/Nam doloribus eaque cupiditate qui dolorum consequatur dolorum..avi',9612725,'{\"owner\": \"Fatima Jaskolski\"}',1,'2012-10-21 16:29:44','2021-04-27 02:51:35'),(38,96,'http://dropbox.com/vk/Dolor quae sed sunt amet molestiae..mpeg',56793,'{\"owner\": \"Katelyn Gutmann\"}',2,'2019-12-10 09:28:00','2021-04-27 02:51:35'),(39,26,'http://dropbox.com/vk/Blanditiis dolorum itaque aut quo delectus enim facere..png',773063383,'{\"owner\": \"Orion Orn\"}',1,'2020-04-15 07:13:52','2021-04-27 02:55:59'),(40,89,'http://dropbox.com/vk/Quia ut voluptatem porro reiciendis..jpeg',32091160,'{\"owner\": \"Oliver Kassulke\"}',1,'2012-03-16 18:22:41','2021-04-27 02:55:59'),(41,14,'http://dropbox.com/vk/Explicabo amet quo magnam quis quia sed et..mp3',329203,'{\"owner\": \"Kailyn Robel\"}',1,'2020-03-06 12:50:54','2021-04-27 02:55:59'),(42,13,'http://dropbox.com/vk/Qui et exercitationem necessitatibus sit harum eaque earum..mpeg',182194910,'{\"owner\": \"Darrion Cummerata\"}',1,'2018-05-28 04:42:33','2021-04-27 02:55:59'),(43,28,'http://dropbox.com/vk/Iusto beatae iusto ut tempora..mpeg',591684430,'{\"owner\": \"Kurtis Stroman\"}',3,'2017-02-26 10:22:15','2021-04-27 02:55:59'),(44,80,'http://dropbox.com/vk/Harum voluptatem et maxime deleniti molestias aut quod..png',250203,'{\"owner\": \"Gavin Mills\"}',3,'2021-03-08 21:58:32','2021-04-27 02:55:59'),(45,87,'http://dropbox.com/vk/Voluptatem delectus repellendus laboriosam molestiae dolore sequi aperiam..jpeg',6766055,'{\"owner\": \"Meaghan Bednar\"}',1,'2015-11-06 23:16:36','2021-04-27 02:55:59'),(46,68,'http://dropbox.com/vk/Ut qui quaerat sint..mpeg',411737452,'{\"owner\": \"Immanuel Hauck\"}',2,'2018-03-26 01:24:45','2021-04-27 02:55:59'),(47,58,'http://dropbox.com/vk/Distinctio praesentium qui aliquam nisi sunt iusto eligendi..mpeg',283534002,'{\"owner\": \"Ladarius Goyette\"}',1,'2011-06-18 10:39:27','2021-04-27 02:55:59'),(48,14,'http://dropbox.com/vk/Sunt expedita ut eaque eos corporis consequatur..mp3',182357686,'{\"owner\": \"Kailyn Robel\"}',2,'2015-02-04 08:49:46','2021-04-27 02:55:59'),(49,84,'http://dropbox.com/vk/Aut animi vitae nihil et odit ea eligendi cumque..png',9871008,'{\"owner\": \"Maryjane Beier\"}',2,'2019-11-26 22:07:34','2021-04-27 02:55:59'),(50,78,'http://dropbox.com/vk/Sunt id ut quia quam rerum impedit..mp3',9914454,'{\"owner\": \"Nichole Johnson\"}',3,'2013-05-17 01:30:23','2021-04-27 02:55:59'),(51,94,'http://dropbox.com/vk/Ducimus aliquid quod sed ut sint..mp3',61086456,'{\"owner\": \"Desmond Kuhic\"}',3,'2019-08-04 05:21:08','2021-04-27 02:51:35'),(52,80,'http://dropbox.com/vk/Minima ut quia error praesentium dolor ut ea delectus..mp3',424816,'{\"owner\": \"Gavin Mills\"}',3,'2012-01-23 12:41:22','2021-04-27 02:55:59'),(53,47,'http://dropbox.com/vk/Fugit modi aperiam vero porro nostrum laborum fugit..mpeg',758259252,'{\"owner\": \"Victoria Herzog\"}',3,'2015-04-13 23:13:08','2021-04-27 02:55:59'),(54,65,'http://dropbox.com/vk/Aliquid praesentium est vitae quibusdam animi..png',607936924,'{\"owner\": \"Bette Cassin\"}',2,'2019-08-20 05:03:09','2021-04-27 02:55:59'),(55,24,'http://dropbox.com/vk/Quae eligendi qui sit placeat et molestias..avi',7640004,'{\"owner\": \"Darren Vandervort\"}',3,'2015-09-04 08:53:41','2021-04-27 02:55:59'),(56,4,'http://dropbox.com/vk/Saepe deserunt ipsa quam ea tempora ducimus..jpeg',817388166,'{\"owner\": \"Electa Considine\"}',1,'2015-09-11 10:55:24','2021-04-27 02:55:59'),(57,2,'http://dropbox.com/vk/Rerum in accusamus unde et odio..jpeg',764806893,'{\"owner\": \"Myra Weissnat\"}',1,'2017-04-28 04:56:07','2021-04-27 02:55:59'),(58,31,'http://dropbox.com/vk/Voluptate repellendus veritatis tempora quo rerum reiciendis..mpeg',123726,'{\"owner\": \"Aurore Schumm\"}',1,'2018-01-30 04:49:04','2021-04-27 02:55:59'),(59,58,'http://dropbox.com/vk/Et quod aperiam quod..mpeg',706097981,'{\"owner\": \"Ladarius Goyette\"}',2,'2012-04-06 12:17:23','2021-04-27 02:55:59'),(60,57,'http://dropbox.com/vk/Voluptatem recusandae a qui ut voluptas..mpeg',530018760,'{\"owner\": \"Maddison Halvorson\"}',1,'2011-05-30 03:44:59','2021-04-27 02:55:59'),(61,40,'http://dropbox.com/vk/Aut voluptates esse fugit..mpeg',174191,'{\"owner\": \"Selina Hilpert\"}',3,'2013-10-30 17:09:43','2021-04-27 02:55:59'),(62,94,'http://dropbox.com/vk/Laborum minima accusantium sed eum aspernatur dolore impedit..mp3',921791,'{\"owner\": \"Desmond Kuhic\"}',3,'2015-08-17 06:06:10','2021-04-27 02:55:59'),(63,85,'http://dropbox.com/vk/Nobis consequatur ut modi..png',299228475,'{\"owner\": \"Luz Jerde\"}',2,'2012-08-07 09:37:28','2021-04-27 02:55:59'),(64,61,'http://dropbox.com/vk/Ducimus ad commodi odit vero a earum..png',531699888,'{\"owner\": \"Harold Stiedemann\"}',1,'2012-06-22 11:14:56','2021-04-27 02:55:59'),(65,25,'http://dropbox.com/vk/Tempora est rerum ipsum nostrum tenetur omnis..mp3',68343189,'{\"owner\": \"Laila West\"}',2,'2019-08-08 13:25:56','2021-04-27 02:55:59'),(66,63,'http://dropbox.com/vk/Et tenetur cum quia magnam at nemo magnam voluptates..avi',746516315,'{\"owner\": \"William Osinski\"}',3,'2015-12-01 19:54:43','2021-04-27 02:55:59'),(67,70,'http://dropbox.com/vk/Harum eum quia voluptates atque omnis..avi',527452037,'{\"owner\": \"Claude Romaguera\"}',3,'2016-11-14 08:30:16','2021-04-27 02:55:59'),(68,36,'http://dropbox.com/vk/Error vitae et consequatur molestiae rerum..mp3',707641,'{\"owner\": \"Parker Sanford\"}',1,'2014-01-21 01:32:54','2021-04-27 02:55:59'),(69,10,'http://dropbox.com/vk/Sunt debitis voluptatibus molestiae deleniti consequatur tenetur..avi',676925085,'{\"owner\": \"Lupe Jenkins\"}',3,'2015-12-26 07:34:28','2021-04-27 02:51:35'),(70,46,'http://dropbox.com/vk/Quasi et in iusto voluptas..avi',397611272,'{\"owner\": \"Alan Robel\"}',2,'2016-10-28 10:58:47','2021-04-27 02:55:59'),(71,74,'http://dropbox.com/vk/Nemo iure voluptas distinctio in officiis..mpeg',405600279,'{\"owner\": \"Rod Wisoky\"}',2,'2017-04-14 04:20:21','2021-04-27 02:55:59'),(72,81,'http://dropbox.com/vk/Facilis quam laudantium et..jpeg',835067610,'{\"owner\": \"Lambert Kuvalis\"}',1,'2013-01-05 10:23:35','2021-04-27 02:55:59'),(73,58,'http://dropbox.com/vk/Aut reprehenderit iste maiores et fuga eligendi cumque..png',958437244,'{\"owner\": \"Ladarius Goyette\"}',2,'2014-05-20 12:26:02','2021-04-27 02:55:59'),(74,76,'http://dropbox.com/vk/Dolore dignissimos rerum a ea ducimus consequatur..jpeg',286883422,'{\"owner\": \"Gerson Kuhlman\"}',1,'2021-03-23 04:24:48','2021-04-27 02:55:59'),(75,2,'http://dropbox.com/vk/Et reprehenderit dignissimos culpa distinctio..avi',831445103,'{\"owner\": \"Myra Weissnat\"}',1,'2019-11-12 11:18:03','2021-04-27 02:55:59'),(76,57,'http://dropbox.com/vk/Minus aut quos omnis et at earum..mp3',95529082,'{\"owner\": \"Maddison Halvorson\"}',3,'2016-07-09 06:06:02','2021-04-27 02:55:59'),(77,85,'http://dropbox.com/vk/Consequatur consequuntur totam quis reprehenderit..mp3',82289872,'{\"owner\": \"Luz Jerde\"}',1,'2019-09-07 21:11:43','2021-04-27 02:55:59'),(78,66,'http://dropbox.com/vk/Sint eos laborum vel praesentium enim quaerat doloremque labore..avi',182347,'{\"owner\": \"Sam Kutch\"}',2,'2012-09-02 22:23:40','2021-04-27 02:55:59'),(79,50,'http://dropbox.com/vk/Modi exercitationem officia aut molestias consequatur..mp3',559005410,'{\"owner\": \"Liam Koepp\"}',2,'2018-08-19 23:31:41','2021-04-27 02:55:59'),(80,63,'http://dropbox.com/vk/Veniam fugit illo aut numquam rem libero..mpeg',934276813,'{\"owner\": \"William Osinski\"}',2,'2020-09-12 08:09:20','2021-04-27 02:51:35'),(81,73,'http://dropbox.com/vk/Dolor laborum ut vel eos consequatur deleniti itaque..jpeg',994267868,'{\"owner\": \"Norval Walsh\"}',2,'2016-08-07 18:56:29','2021-04-27 02:55:59'),(82,77,'http://dropbox.com/vk/In quaerat iste eaque magni voluptates..png',2995800,'{\"owner\": \"Cleora Hauck\"}',1,'2017-11-09 17:34:47','2021-04-27 02:55:59'),(83,29,'http://dropbox.com/vk/Perferendis voluptas itaque repellat nobis..mpeg',843143948,'{\"owner\": \"Brooklyn Murray\"}',3,'2012-11-12 00:53:02','2021-04-27 02:55:59'),(84,35,'http://dropbox.com/vk/Ea sed deleniti asperiores inventore..mp3',168408934,'{\"owner\": \"Amber Parker\"}',3,'2015-04-12 10:24:12','2021-04-27 02:55:59'),(85,42,'http://dropbox.com/vk/Omnis eum voluptatem reiciendis..png',859141095,'{\"owner\": \"Dayana Mills\"}',2,'2018-04-08 04:02:36','2021-04-27 02:55:59'),(86,81,'http://dropbox.com/vk/Voluptas officiis velit id officiis..mp3',790378705,'{\"owner\": \"Lambert Kuvalis\"}',3,'2012-09-10 19:56:14','2021-04-27 02:55:59'),(87,22,'http://dropbox.com/vk/Libero sunt quia optio optio enim beatae velit..mp3',25380,'{\"owner\": \"Eva Mitchell\"}',3,'2019-04-23 13:50:49','2021-04-27 02:51:35'),(88,19,'http://dropbox.com/vk/Voluptas accusantium rerum rerum cum ad officia voluptatibus illum..jpeg',109354059,'{\"owner\": \"Raul Spencer\"}',2,'2014-10-25 23:17:33','2021-04-27 02:55:59'),(89,60,'http://dropbox.com/vk/Et sed vitae ut ipsa et..png',374370271,'{\"owner\": \"Marian Jacobi\"}',1,'2018-11-14 10:07:56','2021-04-27 02:55:59'),(90,14,'http://dropbox.com/vk/Rerum optio non ipsum voluptatibus maxime ut ut laudantium..png',500615273,'{\"owner\": \"Kailyn Robel\"}',2,'2014-11-09 23:05:19','2021-04-27 02:55:59'),(91,4,'http://dropbox.com/vk/Et est aspernatur et laudantium ex aperiam..jpeg',379865581,'{\"owner\": \"Electa Considine\"}',3,'2013-04-17 10:52:22','2021-04-27 02:55:59'),(92,71,'http://dropbox.com/vk/Laudantium magnam sequi in debitis non vel..mp3',397382119,'{\"owner\": \"Fatima Jaskolski\"}',3,'2014-02-21 13:50:21','2021-04-27 02:55:59'),(93,24,'http://dropbox.com/vk/Voluptatem sunt eum quo laborum adipisci nisi distinctio aut..mp3',847213882,'{\"owner\": \"Darren Vandervort\"}',1,'2015-02-02 23:01:25','2021-04-27 02:55:59'),(94,11,'http://dropbox.com/vk/Earum explicabo repellendus nihil blanditiis mollitia est tenetur voluptatem..mp3',530041667,'{\"owner\": \"Imogene Ankunding\"}',2,'2015-12-25 22:13:03','2021-04-27 02:55:59'),(95,43,'http://dropbox.com/vk/Porro id at occaecati qui dolorum quos ut..avi',43823083,'{\"owner\": \"Jared Schuppe\"}',1,'2017-03-23 05:02:24','2021-04-27 02:55:59'),(96,75,'http://dropbox.com/vk/Commodi aliquam est et deleniti quidem..png',521292,'{\"owner\": \"Darian Monahan\"}',2,'2016-06-03 10:51:56','2021-04-27 02:55:59'),(97,64,'http://dropbox.com/vk/Sunt excepturi ab quaerat et aut..mp3',677373800,'{\"owner\": \"Deontae Morissette\"}',2,'2012-01-17 23:38:36','2021-04-27 02:55:59'),(98,87,'http://dropbox.com/vk/Inventore aliquid saepe corrupti..avi',207136,'{\"owner\": \"Meaghan Bednar\"}',1,'2011-07-04 18:01:49','2021-04-27 02:55:59'),(99,78,'http://dropbox.com/vk/Aut tempora maiores minima eos occaecati quia..jpeg',2910366,'{\"owner\": \"Nichole Johnson\"}',1,'2018-04-30 21:46:06','2021-04-27 02:55:59'),(100,77,'http://dropbox.com/vk/Sunt qui repellendus commodi tempore qui..mp3',255299782,'{\"owner\": \"Cleora Hauck\"}',3,'2016-11-07 05:05:08','2021-04-27 02:55:59');
/*!40000 ALTER TABLE `media` ENABLE KEYS */;
UNLOCK TABLES;

--
-- Table structure for table `media_types`
--

DROP TABLE IF EXISTS `media_types`;
/*!40101 SET @saved_cs_client     = @@character_set_client */;
/*!50503 SET character_set_client = utf8mb4 */;
CREATE TABLE `media_types` (
  `id` int unsigned NOT NULL AUTO_INCREMENT COMMENT '╨Ш╨┤╨╡╨╜╤В╨╕╤Д╨╕╨║╨░╤В╨╛╤А ╤Б╤В╤А╨╛╨║╨╕',
  `name` varchar(255) CHARACTER SET utf8mb4 COLLATE utf8mb4_unicode_ci NOT NULL COMMENT '╨Э╨░╨╖╨▓╨░╨╜╨╕╨╡ ╤В╨╕╨┐╨░',
  `created_at` datetime DEFAULT CURRENT_TIMESTAMP COMMENT '╨Т╤А╨╡╨╝╤П ╤Б╨╛╨╖╨┤╨░╨╜╨╕╤П ╤Б╤В╤А╨╛╨║╨╕',
  `updated_at` datetime DEFAULT CURRENT_TIMESTAMP ON UPDATE CURRENT_TIMESTAMP COMMENT '╨Т╤А╨╡╨╝╤П ╨╛╨▒╨╜╨╛╨▓╨╗╨╡╨╜╨╕╤П ╤Б╤В╤А╨╛╨║╨╕',
  PRIMARY KEY (`id`),
  UNIQUE KEY `name` (`name`)
) ENGINE=InnoDB AUTO_INCREMENT=4 DEFAULT CHARSET=utf8mb4 COLLATE=utf8mb4_unicode_ci COMMENT='╨в╨╕╨┐╤Л ╨╝╨╡╨┤╨╕╨░╤Д╨░╨╣╨╗╨╛╨▓';
/*!40101 SET character_set_client = @saved_cs_client */;

--
-- Dumping data for table `media_types`
--

LOCK TABLES `media_types` WRITE;
/*!40000 ALTER TABLE `media_types` DISABLE KEYS */;
INSERT INTO `media_types` VALUES (1,'image','2021-04-27 02:23:24','2021-04-27 02:23:24'),(2,'audio','2021-04-27 02:23:24','2021-04-27 02:23:24'),(3,'video','2021-04-27 02:23:24','2021-04-27 02:23:24');
/*!40000 ALTER TABLE `media_types` ENABLE KEYS */;
UNLOCK TABLES;

--
-- Table structure for table `messages`
--

DROP TABLE IF EXISTS `messages`;
/*!40101 SET @saved_cs_client     = @@character_set_client */;
/*!50503 SET character_set_client = utf8mb4 */;
CREATE TABLE `messages` (
  `id` int unsigned NOT NULL AUTO_INCREMENT COMMENT '╨Ш╨┤╨╡╨╜╤В╨╕╤Д╨╕╨║╨░╤В╨╛╤А ╤Б╤В╤А╨╛╨║╨╕',
  `from_user_id` int unsigned NOT NULL COMMENT '╨б╤Б╤Л╨╗╨║╨░ ╨╜╨░ ╨╛╤В╨┐╤А╨░╨▓╨╕╤В╨╡╨╗╤П ╤Б╨╛╨╛╨▒╤Й╨╡╨╜╨╕╤П',
  `to_user_id` int unsigned NOT NULL COMMENT '╨б╤Б╤Л╨╗╨║╨░ ╨╜╨░ ╨┐╨╛╨╗╤Г╤З╨░╤В╨╡╨╗╤П ╤Б╨╛╨╛╨▒╤Й╨╡╨╜╨╕╤П',
  `body` text CHARACTER SET utf8mb4 COLLATE utf8mb4_unicode_ci NOT NULL COMMENT '╨в╨╡╨║╤Б╤В ╤Б╨╛╨╛╨▒╤Й╨╡╨╜╨╕╤П',
  `is_important` tinyint(1) DEFAULT NULL COMMENT '╨Я╤А╨╕╨╖╨╜╨░╨║ ╨▓╨░╨╢╨╜╨╛╤Б╤В╨╕',
  `is_delivered` tinyint(1) DEFAULT NULL COMMENT '╨Я╤А╨╕╨╖╨╜╨░╨║ ╨┤╨╛╤Б╤В╨░╨▓╨║╨╕',
  `created_at` datetime DEFAULT CURRENT_TIMESTAMP COMMENT '╨Т╤А╨╡╨╝╤П ╤Б╨╛╨╖╨┤╨░╨╜╨╕╤П ╤Б╤В╤А╨╛╨║╨╕',
  PRIMARY KEY (`id`),
  KEY `messages_from_user_id_fk` (`from_user_id`),
  KEY `messages_to_user_id_fk` (`to_user_id`),
  CONSTRAINT `messages_from_user_id_fk` FOREIGN KEY (`from_user_id`) REFERENCES `users` (`id`),
  CONSTRAINT `messages_to_user_id_fk` FOREIGN KEY (`to_user_id`) REFERENCES `users` (`id`)
) ENGINE=InnoDB AUTO_INCREMENT=101 DEFAULT CHARSET=utf8mb4 COLLATE=utf8mb4_unicode_ci COMMENT='╨б╨╛╨╛╨▒╤Й╨╡╨╜╨╕╤П';
/*!40101 SET character_set_client = @saved_cs_client */;

--
-- Dumping data for table `messages`
--

LOCK TABLES `messages` WRITE;
/*!40000 ALTER TABLE `messages` DISABLE KEYS */;
INSERT INTO `messages` VALUES (1,34,88,'Labore et nam et necessitatibus at. Est est at eligendi est veniam ut est.',1,1,'2021-04-08 10:14:41'),(2,39,28,'Aperiam enim ipsum itaque sit corrupti. Distinctio voluptate et architecto. Illo aliquid rerum ut impedit. Similique totam repellat tenetur voluptates dolor.',1,0,'2021-04-03 15:14:14'),(3,25,39,'A sequi assumenda error voluptatem vero dignissimos quisquam rerum. Nulla repudiandae harum et esse repudiandae iure. Omnis quam alias qui. Quasi ullam iure dolorem necessitatibus aperiam perspiciatis recusandae.',1,1,'2021-04-12 03:01:43'),(4,18,73,'Incidunt id et voluptatem maxime quia. Voluptas provident amet qui esse molestiae ipsam. Reprehenderit aut doloremque suscipit rerum. Inventore qui minima accusamus eius.',1,1,'2021-04-14 12:37:59'),(5,9,28,'Provident explicabo numquam sint. Eos hic est harum. Eum enim nisi aut amet numquam voluptas laudantium et.',1,1,'2021-04-11 08:30:39'),(6,13,81,'Quaerat consequatur in et. Dolorem consequatur debitis voluptatibus corrupti. Natus fugit nihil sed voluptatem eius atque. Quasi enim id odit aut aut.',0,0,'2021-04-15 21:19:35'),(7,65,82,'Explicabo quis sed et voluptates. Quam mollitia natus sit autem labore dignissimos consectetur. Dolor exercitationem recusandae voluptatum sapiente optio dolore vero quis. Excepturi magnam quis assumenda repellat sed magnam. Mollitia quos eos reiciendis reprehenderit tempora tenetur voluptatibus.',0,0,'2021-04-14 00:55:18'),(8,16,32,'Unde dolor voluptatem aliquid debitis sint error animi. Aut quod enim voluptatem vel. Illo nostrum unde autem.',1,1,'2021-03-29 20:36:42'),(9,10,53,'Eligendi minima ab quas nostrum quibusdam modi omnis. Provident vel quam itaque reprehenderit natus debitis ipsum. Mollitia nihil commodi quod culpa. Atque quidem velit aperiam sunt.',0,1,'2021-04-10 06:09:05'),(10,37,24,'Quidem omnis nulla magnam ex voluptate. Voluptates non rem id quis incidunt natus adipisci adipisci. Enim adipisci rem sunt molestiae quia. Et sit possimus facere odio dolorem.',1,0,'2021-04-16 02:12:46'),(11,8,66,'Explicabo qui quia ut temporibus qui. Cupiditate et esse omnis autem sit excepturi expedita. Ut qui aperiam voluptatem sunt animi aut.',1,1,'2021-04-06 05:22:31'),(12,7,38,'Aut qui et necessitatibus est aut et voluptates. Est perferendis nulla et voluptatibus laudantium. Ea ea nemo voluptate magnam. Deserunt autem officiis aut qui perferendis.',0,1,'2021-04-10 00:51:42'),(13,68,27,'Vel consectetur sunt cumque aut quia recusandae aut et. Officiis sed voluptate aut eum eum quisquam laudantium fuga. Veniam recusandae autem fuga adipisci consequatur.',0,0,'2021-04-20 11:08:50'),(14,28,57,'Ratione eveniet sint porro veritatis voluptatem non est. Nemo illo commodi consectetur eos. Dolores ipsam est a. Suscipit omnis quo quis fugit dolores quia.',0,0,'2021-03-30 07:26:01'),(15,3,45,'Voluptatem nam eius animi iusto saepe. Quia eum provident eos distinctio. Facilis explicabo beatae voluptatum sequi.',0,1,'2021-03-31 00:26:24'),(16,13,32,'Dignissimos mollitia delectus id nesciunt rerum. Earum placeat voluptatum ullam animi debitis nulla adipisci. Ut laudantium est voluptatum non aut.',1,1,'2021-04-23 00:09:03'),(17,17,92,'Quidem sequi enim natus qui repellat. Qui similique quis et deleniti inventore corporis rerum. Officiis quaerat voluptas est et voluptate enim consequuntur impedit. Accusamus natus ratione et animi aut et sapiente.',0,1,'2021-03-26 11:37:01'),(18,6,52,'Illo atque quo eum molestiae quo atque voluptate. Alias iure quam excepturi. Consequatur nesciunt magni quisquam delectus excepturi. Voluptas quod blanditiis distinctio aut. Quae perspiciatis voluptates aliquid ipsam qui.',0,1,'2021-04-16 21:01:55'),(19,44,64,'Aut ut illo et exercitationem et vitae. Fugit adipisci recusandae explicabo reiciendis qui eos. Sit quidem rerum ullam itaque doloremque autem.',0,1,'2021-04-20 07:19:48'),(20,85,34,'Dolorem at asperiores quasi qui earum. Debitis maiores amet voluptas aliquid et accusamus. Ratione dolores saepe sint inventore repudiandae fuga.',0,1,'2021-03-28 20:58:14'),(21,16,74,'Dolores pariatur dolor qui ut ullam dolor voluptas rerum. Maxime maxime reiciendis ut sed. Id ut possimus enim quam asperiores.',0,0,'2021-04-22 18:47:41'),(22,24,97,'Fugit officia possimus consequatur ab quas. Nemo autem recusandae adipisci est odit accusantium consequatur. Quasi officiis eos error consequatur.',0,0,'2021-04-15 06:00:49'),(23,13,71,'Sint ea nam explicabo et ea sit. Nobis vel qui natus dolorem accusamus et ratione. Officia dolorem et voluptas veritatis cum officiis ex.',1,1,'2021-04-03 17:53:26'),(24,19,79,'Nisi similique voluptatibus amet laudantium dolores. Ut nisi nemo voluptatibus ut deserunt veritatis ea. Ut sit maxime est dolore aut. Dolores aut quia deserunt voluptate.',0,0,'2021-04-07 12:40:20'),(25,40,63,'Quidem sunt recusandae totam ea in in. Sint ipsa id quod dolore autem. Necessitatibus ea ut culpa alias doloribus nihil.',0,0,'2021-03-26 18:48:11'),(26,92,73,'Corrupti aspernatur rerum possimus nam tempore. Aspernatur quia et error earum est molestiae ipsa qui. Enim harum reprehenderit at aut.',1,1,'2021-03-27 07:31:04'),(27,89,25,'Suscipit eum consectetur quia qui impedit nam. Delectus rerum et provident. Delectus repellat delectus harum ipsam facilis ut. Vel rerum velit velit esse iste voluptas voluptas dolor.',1,0,'2021-03-31 01:53:18'),(28,57,9,'Quo perferendis ad et repellat suscipit quo. Quo ex quidem beatae suscipit nihil eveniet id. Laboriosam est perspiciatis odio laborum quibusdam similique reiciendis. Quam tenetur qui sint illo exercitationem sed sed.',1,1,'2021-03-30 19:13:26'),(29,73,39,'Amet distinctio et cumque dolorem in ea. Odit molestiae voluptas voluptas quae tempore harum suscipit. Temporibus ut molestiae aliquid. Consequatur impedit dolores quis tenetur.',0,0,'2021-04-18 13:19:09'),(30,73,51,'Quam ullam aut omnis hic voluptas recusandae sed. Rerum quia laborum cupiditate iure. Culpa impedit voluptas rerum atque consequatur optio.',0,1,'2021-04-01 03:27:51'),(31,33,13,'Unde asperiores delectus a amet. Saepe inventore quas enim aut reiciendis saepe voluptatem consequatur. Nostrum unde accusamus qui voluptatem est.',0,1,'2021-03-25 06:58:06'),(32,64,79,'Non non inventore molestiae asperiores harum autem. Dolores corporis voluptatem nemo vel non. Nesciunt provident temporibus illum ipsa tempora.',1,1,'2021-04-21 13:34:07'),(33,6,91,'Eum vel voluptas qui quos. Eaque quis natus perspiciatis libero aut. Facere modi autem quibusdam ullam.',0,1,'2021-04-06 01:30:59'),(34,35,2,'Sed dolores error amet reiciendis. Sit voluptate fugit illum dignissimos aut est. Et vitae eum sequi velit minima impedit. Animi beatae quae quo.',1,0,'2021-04-17 12:24:43'),(35,4,14,'Numquam est ab assumenda nam magnam quia et. Eius nemo ipsa eum porro possimus dolor labore eaque. Et reprehenderit id libero et corrupti.',1,1,'2021-03-25 16:09:20'),(36,59,53,'Sequi enim provident ut nihil dolorum. Autem tempora ut eum iure. Ab blanditiis sapiente sed praesentium asperiores eligendi voluptatum.',1,0,'2021-04-13 17:05:44'),(37,88,80,'Architecto amet sed doloribus mollitia voluptatibus nesciunt. Itaque amet culpa placeat voluptas. Consequatur autem earum atque velit odio cumque rerum. Harum quia non in.',0,0,'2021-04-13 09:20:55'),(38,33,27,'Maiores minus qui cum vel in et officiis. Quibusdam et tempore iste id esse corporis. Veritatis temporibus iste odit dolorem qui. Qui corrupti nostrum nulla animi dolorem.',1,0,'2021-04-20 18:33:48'),(39,35,93,'Maiores nesciunt enim nihil qui ratione dignissimos. Consequuntur sequi eos ipsa ullam aut error. Suscipit est est quia ex fugit dicta. Minima debitis optio sint dolores accusantium sed tenetur. Omnis ut illum dignissimos veniam aut.',1,0,'2021-04-22 16:51:05'),(40,60,22,'Quam vel illo quasi et possimus at ipsum. Aspernatur similique quam enim. Ea dignissimos dolorem officiis dolore tempora nihil. Et non provident expedita et magni voluptatem.',1,1,'2021-04-19 06:51:50'),(41,27,68,'Perspiciatis nisi eaque omnis in quia est quidem. Quos quia eligendi explicabo ullam mollitia. Asperiores repellat quis qui nam asperiores dolorum sunt.',0,0,'2021-03-31 09:12:02'),(42,61,100,'Dolorem id quo recusandae. Odio fuga omnis nihil maiores. Consequatur accusamus culpa quis voluptates est est.',0,0,'2021-04-03 21:37:14'),(43,18,89,'Qui et illum beatae id molestiae provident quo molestiae. Nisi nisi in quod. Quod porro velit sed iste repudiandae soluta eos. In voluptates dolorem distinctio aut sed dolorum.',1,1,'2021-04-12 07:01:24'),(44,90,82,'Totam et est illo et est sequi. Aut quia voluptas distinctio dicta animi assumenda quidem. Doloribus ducimus consectetur natus placeat eligendi vel quod.',1,0,'2021-04-10 13:11:09'),(45,39,47,'Dolor sunt sit omnis officia. Voluptatem accusantium velit eos id.',1,1,'2021-03-28 12:55:40'),(46,19,53,'Ipsa similique repellendus debitis non saepe aut earum. Sed fuga eaque aliquid rerum.',1,1,'2021-04-11 19:43:01'),(47,6,72,'Est enim eum et vitae eveniet. Vero quas dolor voluptatum earum consequatur eligendi optio. Enim nesciunt quis officia adipisci. Nam architecto minus aut eveniet facilis accusantium in a.',0,1,'2021-04-21 17:26:12'),(48,41,89,'Placeat ipsum libero dignissimos ratione. In tempore dolore sint natus doloremque et. Enim quia consequatur explicabo tempora asperiores. Eum nisi sit ea et vel aut accusamus aliquam.',1,1,'2021-04-18 12:20:32'),(49,21,36,'Quam sit consectetur sequi fuga perferendis. Sit deleniti voluptatem consectetur quibusdam nobis. Ratione repellendus voluptates quaerat veniam vel.',0,0,'2021-03-28 01:49:19'),(50,17,78,'Velit sit praesentium distinctio et velit debitis est. Quis odit qui amet in. Dolor at ut nihil qui ad ratione. Impedit vitae illo dolorum eaque vel. Sunt sunt vitae qui illum assumenda.',1,1,'2021-04-10 12:23:49'),(51,38,57,'Quia aut ea tenetur asperiores. Dolor odio libero amet saepe sint doloremque necessitatibus. Aut sed ab omnis.',1,1,'2021-04-04 01:38:31'),(52,68,71,'Explicabo qui accusantium dolorem hic. Aut voluptas magni ipsa exercitationem et qui.',0,0,'2021-04-16 22:31:32'),(53,49,34,'Quia quis veritatis suscipit illum id. Voluptatem commodi reiciendis itaque laudantium atque itaque numquam. Similique corporis iste sunt cupiditate saepe cum placeat rerum. Libero ut quisquam recusandae est.',0,1,'2021-04-20 15:57:06'),(54,21,1,'Alias harum corrupti esse minima totam velit. Non sed culpa iste magni qui quaerat. Nobis praesentium non quam sequi.',0,0,'2021-04-13 09:31:24'),(55,43,10,'Recusandae autem deleniti est accusantium natus. Ullam aperiam nihil necessitatibus eius deserunt officia et. Accusantium ut adipisci et culpa consequuntur itaque voluptatibus distinctio. Repellendus quos corporis labore vel.',1,0,'2021-04-20 18:13:06'),(56,19,68,'Odio soluta deserunt non inventore qui ea enim et. Magnam rerum provident omnis amet ut similique. A repellat hic dolorem exercitationem pariatur.',0,0,'2021-03-25 11:36:47'),(57,80,97,'Facilis tempora occaecati atque voluptatibus quidem excepturi sed aliquid. Placeat dignissimos at officiis consequatur similique autem suscipit.',0,0,'2021-04-14 07:42:32'),(58,45,33,'Nihil qui reprehenderit vitae iure facilis. Eveniet neque quaerat vitae nulla. Vel voluptate voluptas dolor sint neque. Deleniti laudantium culpa nostrum. Tempore placeat tempore deserunt atque molestias culpa molestiae.',0,0,'2021-04-08 19:22:23'),(59,29,46,'Earum est eaque eius cupiditate vel. Nihil aut laudantium accusantium dolorem quisquam dolore ut.',0,0,'2021-03-31 02:41:19'),(60,41,66,'Fuga pariatur et aut quos repellendus quas quae. Aut beatae officiis doloremque enim vel aliquam consectetur. Quaerat ut reiciendis cumque perspiciatis dignissimos. Impedit aut magni eos tempora aliquam dicta est qui.',1,1,'2021-04-21 15:38:17'),(61,5,30,'Voluptas est nihil culpa maiores. Nostrum in voluptatem ut saepe aut ratione. Quibusdam veritatis itaque itaque nobis dolorum voluptas est hic. Eveniet quis occaecati reprehenderit.',0,0,'2021-04-16 05:18:36'),(62,33,75,'Alias necessitatibus tempore recusandae sint. Molestias voluptas aut quo voluptatem voluptate sint. Aut consequuntur quaerat laudantium sed. Excepturi ea est quae.',1,0,'2021-03-28 04:04:07'),(63,73,42,'Sed praesentium accusamus et ipsum laudantium. Vitae nihil molestiae quia nesciunt. Eveniet earum quo ipsum molestiae sapiente.',0,1,'2021-04-19 10:32:38'),(64,92,30,'Porro laborum explicabo reprehenderit. Nostrum placeat eum pariatur esse quam reprehenderit. Ut iusto eos fuga ut. Aperiam nihil aut praesentium cum distinctio velit temporibus.',0,0,'2021-04-06 16:31:57'),(65,77,93,'In earum ea harum vel quis. A iste veritatis at et voluptatibus nisi aut. Ducimus ea quidem libero est sequi magni aut dolor.',0,1,'2021-03-27 21:01:48'),(66,34,90,'Repudiandae occaecati fugiat distinctio mollitia. Ut perspiciatis et accusamus. Eum placeat error consequatur. Ea atque accusantium expedita rerum.',1,1,'2021-04-08 12:18:41'),(67,48,67,'Unde maxime ratione totam debitis eaque facere. Aut eius nisi similique et autem deserunt ipsa molestiae. Qui molestiae eum quaerat quis.',1,1,'2021-03-30 18:20:15'),(68,94,65,'Voluptate in temporibus illo accusamus. Neque maiores exercitationem saepe velit. Doloremque exercitationem facilis ut quis voluptatum sit optio magnam.',0,0,'2021-03-30 06:42:22'),(69,45,27,'Impedit qui ipsum sed est modi ipsum. Quis laborum odit ea. Architecto et id numquam earum.',0,1,'2021-03-30 03:06:10'),(70,100,21,'Non autem soluta exercitationem dolores voluptate. Veritatis necessitatibus deserunt et. Aut est ipsa pariatur expedita facere modi. Pariatur est pariatur dolores sed.',1,0,'2021-04-05 04:43:24'),(71,3,53,'Cumque non aspernatur aperiam quo quis reiciendis ut. Totam iure et facere. Est esse eum nihil necessitatibus odit.',0,1,'2021-04-01 03:30:04'),(72,56,21,'Iusto laboriosam ducimus temporibus. Ut quia fugit accusantium iste. Doloremque rem suscipit occaecati laudantium dolores. Sint minus est deleniti voluptates molestiae accusantium delectus.',0,0,'2021-04-17 20:12:20'),(73,34,7,'Qui qui quos maxime vel hic soluta dolores dignissimos. Aliquid similique expedita in veritatis qui eum porro architecto. Id quam et facere cum eveniet inventore. Quis ullam omnis sed et hic iste.',1,0,'2021-04-10 15:32:34'),(74,34,46,'Nihil illo sunt maiores reiciendis. Sapiente sequi sed saepe aut ratione similique ut. Saepe dolorem sint temporibus modi.',1,1,'2021-04-20 08:31:13'),(75,28,4,'Enim quibusdam vero in id officiis. Sapiente fugit molestias commodi consequatur sint est quidem. Et placeat quo facilis corporis dolorum sequi. Modi et qui officia quia aut.',1,0,'2021-04-08 04:12:02'),(76,32,49,'Quidem ut eum laborum dicta soluta fuga aspernatur. Sunt voluptas unde consequuntur. Architecto fugiat sapiente natus consequatur.',1,0,'2021-03-25 05:36:15'),(77,50,100,'Rerum recusandae et animi rem deleniti. Maxime aliquam officiis et rerum quia enim. Id a fugiat illum modi sint quisquam aut.',0,1,'2021-04-19 03:30:08'),(78,51,56,'Laboriosam sequi assumenda officiis dolores porro labore autem iure. Omnis esse at magnam. Rerum ducimus molestias ab nemo dolore provident necessitatibus possimus. Enim qui sed ut autem dignissimos magnam. Natus quia repudiandae amet quia est at.',1,0,'2021-04-16 03:46:32'),(79,24,53,'Repudiandae reprehenderit et aut. Enim velit et corrupti totam ut libero tempore. Nihil quam commodi sint ut atque iste ullam. Tenetur enim vitae quae voluptatem reprehenderit.',1,0,'2021-03-24 07:19:06'),(80,93,6,'Ut dolorum enim harum. Rerum autem a placeat quas. Reprehenderit commodi ea quam architecto aut. Id et odit dicta et corporis atque aliquam.',0,0,'2021-04-13 19:55:04'),(81,50,32,'Sapiente amet facilis et voluptatem nulla a eaque. Dolores autem molestiae et sequi nihil incidunt. Maxime porro possimus in consequatur voluptatem.',0,0,'2021-04-18 07:40:06'),(82,8,44,'Iusto assumenda quia quod consequatur repellendus molestias velit autem. Odit perferendis quisquam numquam at et repellendus. Consectetur porro libero nihil porro occaecati fugiat et et. Qui nihil assumenda sed qui fuga.',1,1,'2021-04-13 21:07:06'),(83,94,41,'Odit facere voluptatem quisquam fuga natus magnam. Vero libero recusandae ratione in rem. Deserunt quod perferendis voluptas.',1,1,'2021-04-12 20:47:10'),(84,19,73,'Autem iure libero voluptatum dolorem exercitationem culpa voluptas. Inventore vero rerum dignissimos est aut tempore sapiente qui. Perspiciatis a sequi expedita incidunt eius fuga voluptates.',1,1,'2021-03-28 23:29:21'),(85,8,19,'In fugit ducimus culpa hic recusandae deserunt nulla. Ea ab sequi dolor odio voluptatum. Vero voluptatibus non accusantium odio autem.',1,0,'2021-04-08 21:11:59'),(86,71,96,'Similique iure dolore nulla quas reprehenderit. Itaque tenetur est aut. Cum fugit quia sed cum libero minima dignissimos. Ipsum fuga ipsa quis nulla incidunt minima.',1,1,'2021-04-17 06:12:28'),(87,67,48,'Sunt officia architecto accusantium ea non harum. Velit cumque laudantium sed modi ut consectetur dolorem. Odio a et et et sit assumenda quidem. Et blanditiis enim iste voluptatem aliquam. Quis pariatur natus omnis.',1,1,'2021-03-26 17:49:59'),(88,39,50,'Ipsam ea possimus eligendi ipsum corporis quidem illo est. Et voluptatem dolorem ut similique enim dolores perspiciatis. Qui maiores sit nihil id hic.',1,1,'2021-04-11 07:42:36'),(89,32,12,'Mollitia voluptas omnis non voluptatem eos exercitationem odit. Quia nobis repudiandae nihil vel aliquam. Quia porro quia rerum eveniet vel.',1,1,'2021-04-17 18:03:54'),(90,61,69,'Dolores possimus molestiae ut. Est quod ipsum tempore. Optio cupiditate vitae doloribus aut ut et corporis. Ut facere provident harum necessitatibus. Occaecati repudiandae nisi maxime quas labore.',0,0,'2021-04-04 18:10:45'),(91,61,99,'Ut est exercitationem provident numquam. Quam ullam sint nihil ex. Dolor voluptatem ea explicabo aut aut. Et voluptatem dolores voluptatem nam.',1,0,'2021-03-25 13:31:44'),(92,12,61,'Distinctio consequatur laboriosam consectetur vel qui inventore. Ullam sequi laboriosam omnis quasi in odio. Reprehenderit magni ut officia quis porro laborum quos dolor. Neque tenetur recusandae ut cum aut architecto mollitia.',1,0,'2021-04-18 04:00:31'),(93,71,70,'Qui ad minima quia molestias distinctio. Voluptas accusantium voluptatum et non facilis vel voluptates.',0,1,'2021-03-28 21:42:35'),(94,36,70,'Quia voluptas amet consequatur harum autem non odio ut. Neque quaerat magni sed asperiores in enim dignissimos.',1,0,'2021-03-25 07:11:52'),(95,41,94,'Ullam sequi velit sint est debitis dolor corporis. Error voluptates ut animi illo optio. Pariatur ipsa qui fuga voluptas qui et.',1,1,'2021-04-15 01:56:52'),(96,49,61,'Ut ut est expedita molestias odio. Aut fugiat consequatur perferendis quis repellendus ea qui ut. Quo et suscipit enim nostrum ea magni. Fuga in minima qui accusamus dolore sequi voluptatem saepe.',0,1,'2021-03-30 20:06:01'),(97,57,2,'Quo labore et recusandae molestiae. Eius veniam rerum velit. Ut ut totam deserunt explicabo. Non quod non quia corporis in eius aliquam.',0,0,'2021-03-24 17:03:50'),(98,38,82,'Eum ea totam minus veritatis omnis quas ipsa. Et eligendi expedita excepturi consequatur accusamus qui enim. Deserunt voluptas unde quia. Iste adipisci accusantium perspiciatis cumque.',1,1,'2021-03-28 04:14:58'),(99,95,31,'Molestiae porro ut nemo adipisci adipisci ut incidunt nesciunt. Corrupti sint animi voluptate voluptas nobis impedit possimus. Voluptate harum qui sed dolorum.',1,1,'2021-04-19 03:25:43'),(100,70,57,'Quia et recusandae ipsum voluptatem alias. Vero qui reiciendis voluptas. Magni mollitia reprehenderit accusamus aut enim quas. Sit neque minima id nostrum at.',1,0,'2021-04-11 18:13:38');
/*!40000 ALTER TABLE `messages` ENABLE KEYS */;
UNLOCK TABLES;

--
-- Table structure for table `posts`
--

DROP TABLE IF EXISTS `posts`;
/*!40101 SET @saved_cs_client     = @@character_set_client */;
/*!50503 SET character_set_client = utf8mb4 */;
CREATE TABLE `posts` (
  `id` int unsigned NOT NULL AUTO_INCREMENT,
  `user_id` int unsigned NOT NULL,
  `community_id` int unsigned DEFAULT NULL,
  `head` varchar(255) DEFAULT NULL,
  `body` text NOT NULL,
  `media_id` int unsigned DEFAULT NULL,
  `is_public` tinyint(1) DEFAULT '1',
  `is_archived` tinyint(1) DEFAULT '0',
  `created_at` datetime DEFAULT CURRENT_TIMESTAMP,
  `updated_at` datetime DEFAULT CURRENT_TIMESTAMP ON UPDATE CURRENT_TIMESTAMP,
  PRIMARY KEY (`id`),
  KEY `posts_community_id_fk` (`community_id`),
  KEY `posts_media_id_fk` (`media_id`),
  KEY `likes_user_id_fk` (`user_id`),
  CONSTRAINT `posts_community_id_fk` FOREIGN KEY (`community_id`) REFERENCES `communities` (`id`),
  CONSTRAINT `posts_media_id_fk` FOREIGN KEY (`media_id`) REFERENCES `media` (`id`),
  CONSTRAINT `posts_user_id_fk` FOREIGN KEY (`user_id`) REFERENCES `users` (`id`)
) ENGINE=InnoDB AUTO_INCREMENT=101 DEFAULT CHARSET=utf8mb4 COLLATE=utf8mb4_0900_ai_ci;
/*!40101 SET character_set_client = @saved_cs_client */;

--
-- Dumping data for table `posts`
--

LOCK TABLES `posts` WRITE;
/*!40000 ALTER TABLE `posts` DISABLE KEYS */;
INSERT INTO `posts` VALUES (1,47,8,'Dolorem necessitatibus sit quam exercitationem praesentium libero et.','Voluptatem qui porro saepe aut ex. Iusto quo rerum ut magnam quia doloremque excepturi. Veritatis sint est amet laborum omnis quidem quos. Aut sint occaecati et debitis.',NULL,1,0,'2011-09-05 23:05:31','2021-05-01 03:18:22'),(2,3,30,'Exercitationem nemo rem perspiciatis non.','Accusamus eos sit perferendis. Nemo et officiis fugit voluptates voluptatem omnis sint et. Aliquam et architecto dolor dolorem corporis. In asperiores enim sunt asperiores ullam.',24,1,0,'2017-03-10 20:25:14','2021-05-01 03:18:22'),(3,77,2,'Dignissimos aspernatur deleniti perferendis qui sed.','Expedita optio dignissimos explicabo. Quia qui facilis repellat aut. Voluptatum libero veritatis quia qui voluptas velit dolore nobis.',93,1,0,'2012-01-16 06:26:32','2021-05-01 03:18:22'),(4,17,NULL,'Ab quia ipsum et aliquid iure perferendis rerum.','Veniam porro inventore sunt rerum quam maiores. Eaque dolorum architecto veritatis nostrum est ea.',93,1,1,'2012-01-15 00:36:40','2021-05-01 03:18:22'),(5,70,NULL,'Rerum molestiae dolore accusamus iure est possimus.','Et molestias quo quae ea cum optio. Quo similique accusamus rerum ut et explicabo distinctio. Quo atque quas tempore voluptas a.',86,1,0,'2020-06-18 22:02:16','2021-05-01 03:18:22'),(6,19,26,'Dicta quibusdam et optio cupiditate.','Et et aut tempora quo velit voluptas fugit veniam. Dolor tempora adipisci sunt a occaecati quo. Est quam et rem deserunt. Sit reiciendis voluptate ullam.',47,1,0,'2019-09-07 04:31:27','2021-05-01 03:18:22'),(7,97,17,'Tempora et ea dolores ut.','Ut perferendis suscipit tenetur sed ullam enim. Ea accusantium qui quae. Quis voluptas sint est itaque ullam maiores. Animi provident corporis inventore recusandae rerum provident a.',78,1,0,'2017-07-04 01:08:49','2021-05-01 03:18:22'),(8,67,2,'Et et deserunt commodi vel qui ullam qui.','Soluta aperiam animi dolor quia voluptatem qui odit cupiditate. Adipisci maxime repellat neque iusto eligendi nesciunt eum.',48,1,0,'2019-02-12 09:12:25','2021-05-01 03:18:22'),(9,5,22,'Provident possimus sed similique nam et corporis.','Asperiores est repellat debitis ullam. Similique sequi sit omnis et est repellat. Ratione laborum doloremque doloribus quia pariatur voluptates. Tenetur veniam maxime cupiditate unde.',3,1,0,'2011-12-08 12:02:28','2021-05-01 03:18:22'),(10,35,16,'Molestiae ad illo et ea qui explicabo quisquam.','Praesentium eius repellat tempore dolor eum. Cum delectus aut accusamus vel consequatur est est omnis. Harum dolor voluptatibus nihil. Aspernatur ut non quis qui.',71,1,0,'2019-11-04 05:51:55','2021-05-01 03:18:22'),(11,33,1,'Optio eius omnis at perspiciatis exercitationem perferendis.','Voluptatum qui et molestias minus libero. Quia doloribus eum ut quaerat eveniet repellendus deserunt. Qui et doloremque tempore reiciendis accusamus ad voluptas. Esse excepturi repellendus a blanditiis eum. Cum pariatur omnis quasi possimus nostrum repellendus rerum.',45,1,1,'2015-05-10 22:47:20','2021-05-01 03:18:22'),(12,45,24,'Dolor sequi eos rerum et temporibus esse.','Consectetur similique sed earum libero. Repellat beatae ut dolores quia. Accusamus blanditiis assumenda maxime.',11,1,1,'2021-04-02 10:19:45','2021-05-01 03:18:22'),(13,9,NULL,'Minima ducimus eligendi eum eligendi est unde voluptatem.','Vel voluptas rerum ut nisi. Esse architecto id occaecati necessitatibus. Eum nesciunt dignissimos ut rerum.',21,1,1,'2016-08-29 01:15:25','2021-05-01 03:18:22'),(14,94,9,'Cumque id molestiae sit suscipit.','Maiores et voluptatem sint eius velit deserunt. Non dolores modi facilis aut nihil ut dolorem. Dolorem nostrum iste repudiandae asperiores explicabo magnam itaque.',69,1,0,'2016-06-05 19:47:39','2021-05-01 03:18:22'),(15,15,11,'Quia laborum nemo illo rerum minima rerum.','Nobis expedita nesciunt blanditiis ab iusto nam nihil. Et quibusdam repellat officia nam expedita incidunt. Nostrum quia inventore magni vel. Quaerat sequi neque excepturi facilis.',83,1,0,'2012-08-31 03:53:33','2021-05-01 03:18:22'),(16,73,27,'Sequi consequatur voluptas voluptatum est.','Eius ipsam qui esse enim veritatis. Voluptatibus hic consequatur cum numquam. Nostrum ipsum qui sit fuga laboriosam. Atque animi doloremque officia iusto.',5,1,0,'2011-08-10 08:32:50','2021-05-01 03:18:22'),(17,85,NULL,'Qui et perspiciatis ut quam aut dicta voluptatem.','Explicabo aut dolores minus tenetur esse ducimus. Provident impedit pariatur quis dolores praesentium et aperiam. Libero eum mollitia est veritatis dolore praesentium. Nihil eligendi id omnis temporibus occaecati.',74,1,0,'2013-06-22 20:15:55','2021-05-01 03:18:22'),(18,7,12,'Reprehenderit magnam vel cumque cupiditate et voluptatem aliquam.','Est reprehenderit omnis dolorem maiores. Fugiat cupiditate vitae ea maiores sit aut. Tenetur dolorum rerum ex deserunt. Voluptas eius alias est quos ut.',53,1,0,'2018-06-05 04:04:27','2021-05-01 03:18:22'),(19,8,8,'Laborum animi dolore consequuntur nemo aut commodi voluptatibus.','Vitae explicabo vitae exercitationem culpa ad tempore. Dicta quia esse provident et assumenda et voluptatem. Et culpa voluptatum autem animi.',NULL,1,0,'2021-04-04 05:23:58','2021-05-01 03:18:22'),(20,44,13,'Sunt nihil perspiciatis sunt nobis incidunt facilis.','Voluptatibus libero vel ea sunt aut architecto tempore. Aut fugit est saepe dolorem totam similique. Tempore rerum quaerat cumque et. Quibusdam sed perspiciatis id.',45,1,0,'2013-05-14 18:29:47','2021-05-01 03:18:22'),(21,12,4,'Mollitia est ut commodi quae doloribus fugiat quo eveniet.','Est error eligendi dolorem facere modi quod velit. Hic inventore vel labore nisi omnis incidunt. In vero fugiat unde dolorum. Voluptate possimus quas sit.',64,1,0,'2019-07-08 03:47:50','2021-05-01 03:18:22'),(22,49,NULL,'Maxime nesciunt eum quaerat ut vel explicabo at.','Nobis est hic eligendi quia totam eveniet. Modi itaque repudiandae temporibus harum tempora quibusdam blanditiis. Atque quia sit voluptatem unde quas. Est et ipsam et id quod vel corrupti.',85,1,0,'2020-03-02 07:20:23','2021-05-01 03:18:22'),(23,46,17,'Molestiae repudiandae voluptatem aut id quisquam minima enim earum.','Voluptatibus iusto aliquam quasi. Voluptatem cum dolor voluptas culpa qui et. Ex fugit ea voluptatem eum occaecati aut. Fuga magnam eligendi est ea aliquam commodi recusandae.',32,1,0,'2014-07-02 15:09:48','2021-05-01 03:18:22'),(24,45,18,'Ipsa repellat est sequi et aut aut repellendus temporibus.','Voluptates neque non ut cupiditate animi. Ratione ratione illum alias dolores alias voluptas. Eaque in voluptatem quaerat et repudiandae. Provident assumenda id dignissimos. Voluptatem voluptatem quia dignissimos repellendus dolor.',NULL,1,0,'2017-05-09 10:17:32','2021-05-01 03:18:22'),(25,28,18,'Nostrum aut numquam veritatis ut aliquid ducimus qui.','Totam non voluptate nulla dolor sed. Aliquid est in nobis aspernatur sunt. Quae laborum magni id officia nihil iure doloribus. Et et repellat laboriosam.',3,1,0,'2011-07-20 18:23:25','2021-05-01 03:18:22'),(26,45,19,'Quasi deleniti amet quas dignissimos eum est cupiditate.','Rerum eum soluta unde mollitia eaque sed. Doloribus exercitationem minima molestiae. Incidunt praesentium sed officiis ea. Veniam dignissimos magni quos voluptas. Consequuntur ullam debitis quas perspiciatis.',17,1,0,'2017-02-11 05:17:35','2021-05-01 03:18:22'),(27,56,4,'Quo unde consequatur quidem sed autem autem.','Omnis voluptas ut in quo et voluptatum quibusdam quia. Ut officiis pariatur eos repellendus cum nisi.',78,1,0,'2017-05-16 16:37:28','2021-05-01 03:18:22'),(28,5,NULL,'Magnam non totam perspiciatis totam cupiditate velit.','Excepturi expedita rerum voluptatem vel officiis. Alias reiciendis ratione hic at suscipit perspiciatis ab. Unde velit quia aut eaque qui eum ullam. Vel veritatis quibusdam similique impedit consequatur porro.',35,1,0,'2011-05-14 02:51:27','2021-05-01 03:18:22'),(29,7,15,'Velit animi in suscipit non accusamus.','Tempore aut excepturi voluptas enim impedit qui qui quod. Officiis corporis dolor repellendus voluptate minus ea rerum. Rerum eveniet at necessitatibus modi odio voluptates rerum.',43,1,1,'2015-09-23 14:15:12','2021-05-01 03:18:22'),(30,21,NULL,'Est error et sint explicabo.','Vel quisquam voluptatem placeat temporibus necessitatibus. Nemo aperiam aliquam perferendis numquam. Dolorum id occaecati ea molestiae laboriosam occaecati debitis.',NULL,1,1,'2011-08-11 21:52:31','2021-05-01 03:18:22'),(31,55,5,'Ut dolorem et et veniam.','Cupiditate quidem voluptas recusandae et qui porro velit voluptatem. Voluptatem fuga quidem vero est quidem. Ad eos quia odio voluptas recusandae. Est doloribus occaecati similique labore dolorem explicabo.',7,1,0,'2014-10-16 05:17:29','2021-05-01 03:18:22'),(32,15,3,'Eligendi aliquam est eum ratione nesciunt harum aut et.','Ut accusamus accusamus praesentium ratione commodi sint libero. Et consequatur natus iusto repellendus qui vero natus hic. Explicabo illum expedita ut. Ut quis qui enim.',NULL,1,0,'2017-12-28 09:14:44','2021-05-01 03:18:22'),(33,51,19,'Autem voluptas rerum doloremque optio rerum culpa sapiente exercitationem.','Facere quisquam deserunt nisi eligendi et dolor. Libero illo molestiae commodi aut architecto natus consectetur. Quibusdam dolorum debitis impedit ut. Accusamus enim assumenda pariatur.',NULL,1,0,'2014-02-19 23:43:17','2021-05-01 03:18:22'),(34,28,14,'Voluptates cumque libero consequatur inventore sint quo molestias aut.','Praesentium non reprehenderit non nulla voluptas et. Hic repudiandae eaque quo necessitatibus est provident quis. Suscipit aut debitis quasi voluptatibus. Atque ullam enim saepe illo magnam.',6,1,0,'2013-06-08 02:02:40','2021-05-01 03:18:22'),(35,3,NULL,'Natus adipisci rerum adipisci cupiditate quo et.','Omnis quia id est quam qui sed. Incidunt quia accusamus magni pariatur rerum laboriosam. Nobis molestias quia quos eum laboriosam ab nihil tempore.',6,1,1,'2016-01-26 05:09:22','2021-05-01 03:18:22'),(36,5,25,'Quasi laudantium amet non veritatis.','Sequi molestiae veritatis eligendi fugit explicabo. Sunt explicabo repudiandae officia porro eos. Maxime nisi voluptatem esse quas. Non minus optio quibusdam enim est libero rerum.',13,1,0,'2011-12-04 22:14:46','2021-05-01 03:18:22'),(37,99,20,'Officia maxime rem modi hic molestiae voluptatem quia.','Quo voluptatum omnis unde debitis corporis ipsam. Id nobis quaerat in at possimus delectus odio. Dolores voluptatibus repudiandae autem. Quia voluptatem animi quasi necessitatibus facilis repellat.',44,0,1,'2020-04-27 04:35:17','2021-05-01 03:18:22'),(38,42,NULL,'Magni dolorum reprehenderit atque voluptates repudiandae.','Dolorem porro fugiat sed minima illum ullam sint. Sit autem eaque ducimus magni qui ratione sint. Fugiat et dolore modi aut aspernatur tempore. Occaecati et quod cumque sequi veritatis. Eius alias ut maiores.',83,1,0,'2016-02-02 23:41:01','2021-05-01 03:18:22'),(39,30,18,'Alias qui sapiente temporibus nemo eos rerum dolore.','Dolor eius beatae id ullam. Deserunt beatae voluptatem et quaerat. Molestias iste veniam consequatur id tempore quae.',80,0,0,'2019-07-02 02:56:31','2021-05-01 03:18:22'),(40,33,8,'Qui quis ut aut illo amet non.','Consectetur temporibus id qui porro aut. Consequatur enim adipisci ut modi ducimus ut aut. Pariatur ducimus a labore.',NULL,1,0,'2017-12-28 14:26:09','2021-05-01 03:18:22'),(41,56,NULL,'Nihil omnis consequatur at magni facere.','Illum qui laboriosam libero aut. Sit nisi doloremque consequuntur. Non repellendus atque sit officia. Ipsa enim nesciunt eaque labore et impedit blanditiis dolorum.',49,1,0,'2017-11-22 00:52:30','2021-05-01 03:18:22'),(42,87,28,'Explicabo enim autem ipsa beatae eligendi sint impedit.','Ut cupiditate fugit rerum eaque. Consectetur nisi et et alias neque facere itaque. Enim fugiat sed quam omnis sunt. Veniam id nobis pariatur dolore ea deserunt. Nemo possimus aliquid est vero.',3,1,0,'2017-05-12 04:49:35','2021-05-01 03:18:22'),(43,82,23,'Consectetur distinctio dolores maiores rerum qui voluptatibus non.','Odit blanditiis cum odit molestiae. Aut sed ipsa cum facere. Enim nam dolor ipsam ea. Beatae a molestiae dolor sapiente ut nemo quia est.',69,1,0,'2019-02-05 11:23:41','2021-05-01 03:18:22'),(44,40,21,'Quia officia id et sit.','Architecto suscipit laboriosam explicabo ut. Harum aut omnis illum quam alias.',35,1,0,'2016-11-17 13:18:11','2021-05-01 03:18:22'),(45,68,22,'Beatae odio repudiandae ut fugit.','Ab quam itaque maiores quia vel aliquam. Ut beatae dicta iusto possimus temporibus veniam. Nulla et nobis dolorem accusantium alias omnis velit. Magnam voluptates sapiente voluptatem aut est ab vel. Eligendi est dolorem velit rem omnis.',66,1,0,'2019-04-25 03:22:39','2021-05-01 03:18:22'),(46,22,29,'Animi sed possimus quod dolor aperiam perspiciatis reiciendis.','Sequi quia omnis iusto reiciendis possimus. Et fugit molestias et magni tempore distinctio. Vero et eum eos ut consequatur minus.',NULL,1,1,'2012-12-13 21:23:06','2021-05-01 03:18:22'),(47,62,NULL,'Natus quisquam possimus voluptas cupiditate veniam repellat consequatur.','Assumenda quibusdam sit odit quia. Est minima nisi sunt laborum. Aliquid aliquid aspernatur quibusdam neque iusto qui.',24,1,0,'2012-09-04 19:01:54','2021-05-01 03:18:22'),(48,9,9,'Doloribus ab et consequuntur quia.','Animi vero quam deserunt optio vero. Nobis nisi tempore doloribus omnis quos consequatur et. Blanditiis vel minima excepturi cumque fugiat eius similique. Molestiae aspernatur dicta cumque molestias.',NULL,1,0,'2013-07-12 18:29:05','2021-05-01 03:18:22'),(49,17,10,'Nihil fugiat qui ea velit.','Sed fugit at qui mollitia nemo consequatur. Dolorem ipsum accusantium qui consequuntur quaerat et laboriosam. In nam corporis quis odit quidem impedit officiis. Autem sed quam hic facere sed dolor sunt. Deserunt veniam non nihil nobis non veritatis.',20,1,1,'2018-11-03 08:15:21','2021-05-01 03:18:22'),(50,76,NULL,'Officia quod a sunt.','Eum soluta repellendus molestiae. Rem et vitae quam quam eaque repellendus quo. Corrupti numquam aut non. Sequi quaerat voluptas eos ipsum magni saepe.',NULL,1,0,'2014-03-09 21:02:54','2021-05-01 03:18:22'),(51,15,28,'Aut reiciendis commodi unde aut quaerat.','Asperiores est adipisci non vel cumque. Neque nisi velit aliquam quasi soluta possimus perferendis. Porro assumenda ab minima nesciunt et perferendis ut. Autem et cumque accusantium est veniam. Explicabo autem rerum voluptatum voluptas.',27,1,0,'2018-10-23 14:02:03','2021-05-01 03:18:22'),(52,19,20,'Quam voluptates esse quia quisquam ea.','Pariatur omnis maiores magni dolores magnam. Nisi placeat et officia perspiciatis officiis eos. Minus molestias sint dignissimos omnis doloribus est fuga. Vel rerum officia aut neque officiis aliquid. Voluptatem ipsa velit perferendis quo architecto non.',74,1,0,'2017-06-12 16:00:26','2021-05-01 03:18:22'),(53,51,14,'Incidunt quam rerum vel recusandae qui aliquid pariatur.','Deleniti culpa quod suscipit doloribus vero rem. Ipsum architecto minus et tempora reprehenderit consequatur. Cupiditate ex suscipit qui.',87,1,0,'2019-08-18 22:28:03','2021-05-01 03:18:22'),(54,26,5,'Pariatur ut suscipit animi sit dignissimos et.','Numquam et incidunt possimus. Libero quasi dolorem dolorum qui iste vel nihil. Tempore est dolore voluptatem quia quisquam.',12,0,0,'2017-02-05 04:06:01','2021-05-01 03:18:22'),(55,3,NULL,'Et saepe debitis sit alias.','Est sint esse reprehenderit odit dolorum. Occaecati et ratione a perspiciatis eligendi ipsa explicabo. Omnis est dolores ducimus voluptatem.',NULL,0,1,'2016-06-16 15:36:48','2021-05-01 03:18:22'),(56,42,NULL,'Accusamus eligendi placeat eum soluta in corporis perspiciatis.','Quasi ea beatae deserunt qui. Tenetur quod reiciendis aliquid itaque aut. Molestiae beatae quidem officiis ratione fugiat sit perferendis praesentium.',NULL,1,1,'2013-02-19 13:43:34','2021-05-01 03:18:22'),(57,24,12,'Ut voluptatem accusantium recusandae exercitationem atque delectus.','Sapiente optio qui eum repellat delectus. Nesciunt necessitatibus magnam laudantium dicta aperiam qui. Enim non eaque necessitatibus sit animi.',99,1,0,'2018-04-02 19:22:58','2021-05-01 03:18:22'),(58,44,13,'Dolore qui voluptatem hic voluptatem porro voluptas sit.','Mollitia est sed quos. Esse facilis consequatur fugit maxime laboriosam voluptatibus impedit architecto. Ut tempora optio corporis commodi eum ipsum. Illum nihil laudantium quia totam eveniet nihil et.',56,1,1,'2017-06-03 15:07:38','2021-05-01 03:18:22'),(59,9,19,'Unde dignissimos ut sunt et.','Explicabo quae consequuntur dolores dolor quia. Ut possimus quae animi facilis id. Consequuntur dignissimos in doloremque incidunt assumenda.',82,1,0,'2014-11-16 14:41:36','2021-05-01 03:18:22'),(60,2,30,'Dolorem voluptas sint id est voluptatem.','Culpa quia voluptas adipisci enim quis. Enim quas voluptatum in dolorum quo. Delectus qui dolor dolor et odit voluptatem sit. Quam perferendis rerum laudantium ut voluptatum dicta.',NULL,1,1,'2017-03-04 12:38:41','2021-05-01 03:18:22'),(61,99,6,'Nam est qui natus aliquam.','Repellendus alias explicabo quo quis vel soluta. Cumque ut dicta qui culpa. Ullam laborum harum eum. Delectus quia voluptates quas enim.',44,1,0,'2011-08-20 19:41:12','2021-05-01 03:18:22'),(62,19,5,'Quisquam eum nihil ut.','Aut aut assumenda recusandae totam. Corrupti quidem nemo fuga ut illo expedita ad. In impedit magnam inventore nemo cum est sequi sed.',NULL,1,0,'2014-11-17 15:52:29','2021-05-01 03:18:22'),(63,27,NULL,'Ratione quisquam reprehenderit voluptatem qui earum possimus.','Dolore vel et autem doloribus. Corrupti voluptas quam dolor. Reiciendis voluptatum animi et placeat unde voluptatum suscipit. Omnis similique nesciunt fuga ullam in consequatur maxime.',71,1,1,'2020-04-26 06:18:41','2021-05-01 03:18:22'),(64,27,8,'Molestias maxime quia et possimus hic.','Voluptatibus qui magnam vitae quibusdam. Deleniti quia distinctio laborum consequuntur. Repudiandae ipsam sint tenetur velit rerum et. Officia officiis quam dolorum ullam odit.',21,0,0,'2019-12-13 01:32:37','2021-05-01 03:18:22'),(65,42,6,'Illo distinctio autem voluptas reiciendis tempore illo.','Blanditiis aut non quasi non tempora neque quia. Eum necessitatibus libero est velit. Exercitationem nostrum accusamus adipisci sint fugiat. Voluptatem sit voluptas aut qui sed omnis molestiae.',90,1,0,'2016-06-29 20:10:37','2021-05-01 03:18:22'),(66,2,22,'Dignissimos omnis sunt non voluptatem.','Iste animi iure eaque enim a necessitatibus eos. Fugit eos eligendi quo quaerat dolore. Modi veniam quam necessitatibus. Labore repellat unde nulla corrupti nam. Vel corrupti officia eos itaque aut dolor.',88,1,0,'2021-01-22 08:27:02','2021-05-01 03:18:22'),(67,8,NULL,'Non id animi ut cupiditate veniam ratione aut.','Nemo nihil quo ducimus eaque voluptatem hic ducimus. Aperiam aut nobis iusto ullam consequatur enim vitae. Aspernatur harum consequatur commodi ut veritatis dicta doloribus. Aliquid qui fuga molestias commodi nulla voluptatem deleniti.',68,0,0,'2017-01-24 17:05:41','2021-05-01 03:18:22'),(68,74,16,'Veniam aliquam rerum ullam rem temporibus hic quaerat.','Qui perferendis aut deserunt omnis rerum aut eveniet. Quia ut vitae dolor animi porro.',75,1,0,'2020-05-25 11:23:30','2021-05-01 03:18:22'),(69,21,4,'Qui est repellendus alias at amet et voluptate.','Sunt distinctio autem nam in. Quasi a unde beatae est sit. Accusamus nostrum optio corrupti quas doloremque et.',71,0,0,'2012-01-14 16:41:05','2021-05-01 03:18:22'),(70,79,22,'Eligendi optio nemo voluptatem saepe.','Repellendus consectetur ducimus in deleniti necessitatibus. Ipsa inventore autem occaecati et consequatur repellendus est quae. Enim tenetur ut quam aut et. Et debitis rerum quis dicta voluptas voluptas similique.',NULL,1,0,'2017-08-22 06:50:45','2021-05-01 03:18:22'),(71,100,2,'Possimus reprehenderit reprehenderit qui molestias expedita iusto.','Et iusto libero voluptatem. Qui quibusdam voluptas cum quam amet. Iste quisquam eum voluptatibus facere.',29,1,0,'2018-02-10 09:19:45','2021-05-01 03:18:22'),(72,99,NULL,'Ratione illo eligendi corrupti omnis numquam.','Adipisci id deserunt et rerum consequatur. Voluptas alias ipsum at numquam deserunt. Omnis omnis iste ipsum vel et voluptatibus qui. Nostrum quis quia dicta voluptas corporis. Non ipsa in natus ipsum quas eum rerum non.',31,1,0,'2013-04-01 02:55:29','2021-05-01 03:18:22'),(73,59,13,'Saepe ut id et incidunt.','Velit corporis dolorem eaque repellat. Perferendis tenetur et ab illo. Quaerat officia qui unde libero nobis quaerat labore ipsum.',65,1,0,'2017-04-01 12:50:33','2021-05-01 03:18:22'),(74,8,NULL,'Impedit ut ut reiciendis eum quo ut architecto eligendi.','Quidem consequuntur quasi asperiores in enim aut qui. Et consequatur et excepturi. Et doloribus est sed necessitatibus. Eaque magni totam debitis nisi tempore rerum et.',NULL,1,0,'2013-01-16 10:17:32','2021-05-01 03:18:22'),(75,63,4,'Quibusdam repellendus neque dolor.','Quasi culpa nobis sint nihil. Dicta nesciunt enim magni natus error. Nihil beatae beatae consequatur minima. Ipsa nulla maiores perferendis voluptate.',33,1,0,'2018-08-27 15:56:50','2021-05-01 03:18:22'),(76,82,NULL,'Fugit laboriosam aut nisi illum alias.','Soluta rem qui in laudantium. Est pariatur voluptas sint est enim eaque consectetur. Doloribus quam tenetur nam provident. Mollitia facere ut magni vel impedit.',69,1,0,'2013-04-03 02:09:32','2021-05-01 03:18:22'),(77,40,5,'Odio sed quaerat natus quos sunt aut.','Aliquam sed provident impedit non quisquam et a. Qui veniam est esse minus. Assumenda ut id voluptate deserunt perferendis recusandae fugit. Quia sapiente at voluptatibus architecto.',44,1,0,'2011-12-22 02:22:24','2021-05-01 03:18:22'),(78,69,10,'Perferendis est commodi optio enim debitis.','Omnis beatae illo qui ut aut fugiat eos quo. Temporibus similique iure eius expedita nihil et nemo. Fugit a quos nisi ea. Dolor numquam fugiat iste quod consequatur. Illo excepturi molestiae fuga corrupti delectus nam nulla culpa.',13,0,0,'2017-04-18 04:31:07','2021-05-01 03:18:22'),(79,35,NULL,'Minima unde asperiores veritatis et et tempora.','Commodi qui voluptatem eaque adipisci ut voluptas deleniti sit. Possimus reprehenderit ratione sit architecto perferendis tempore quam. Illo sapiente repellendus et dolorem labore sed ratione. Quaerat doloribus dolores quas tempora sunt.',31,1,0,'2018-09-20 11:20:56','2021-05-01 03:18:22'),(80,12,NULL,'Dicta magnam mollitia veniam et suscipit earum quod.','Vel dignissimos maiores ipsum repellat enim. Iusto quaerat maxime a adipisci. Ut est ut sed sunt est voluptas vel. Temporibus aut sed reiciendis et tempore nam nulla.',NULL,1,1,'2011-10-03 03:06:45','2021-05-01 03:18:22'),(81,51,18,'Ut velit et cupiditate et.','Fugiat magnam dolor minus cumque a. Consequatur et magni pariatur beatae in enim.',NULL,1,1,'2017-03-23 11:31:39','2021-05-01 03:18:22'),(82,26,24,'Magni voluptas quia et nemo.','Corrupti ut quaerat et. Necessitatibus est quibusdam autem facere dolor dolorum eos. Voluptates illo et ut. Quia minima asperiores laborum vel. Excepturi non pariatur voluptas in et est quis.',15,1,0,'2014-11-27 17:35:12','2021-05-01 03:18:22'),(83,26,22,'Corrupti asperiores sed quisquam et.','Doloremque culpa nam quae expedita sunt. Beatae quia facere hic nihil quo hic. Placeat sit a quae architecto sed dignissimos aliquam odio.',NULL,1,0,'2011-05-12 10:19:10','2021-05-01 03:18:22'),(84,24,NULL,'Consequatur ut eius sit ut et voluptatem.','Corrupti fugit rerum fugiat et non non. Eum est omnis praesentium aliquam. Distinctio sit iusto et et optio eos magni.',82,1,0,'2015-11-11 02:03:47','2021-05-01 03:18:22'),(85,1,2,'Aspernatur iure cum aut repudiandae deserunt tempore.','Sed incidunt fuga eos non ea. Odio suscipit asperiores nulla dolores officiis sit eaque. Inventore enim nisi rerum labore voluptatem sunt.',63,1,0,'2018-03-10 05:53:22','2021-05-01 03:18:22'),(86,74,1,'Dolorum voluptatibus ad labore dicta saepe fuga omnis.','Vel perspiciatis saepe quibusdam neque quos provident deserunt. Vero modi sed illum voluptas. Ipsa praesentium quibusdam eaque incidunt consectetur voluptatem cupiditate.',69,1,1,'2014-09-28 04:52:16','2021-05-01 03:18:22'),(87,79,22,'Consequatur unde consequatur provident est dolore.','Doloribus pariatur qui saepe sit. Et corporis id autem laudantium ratione odio. Voluptas porro illum voluptatum neque numquam. Consequatur alias id ut vel.',53,1,0,'2017-09-21 14:18:00','2021-05-01 03:18:22'),(88,30,NULL,'Qui consequatur vel iure sunt nobis.','Et et quibusdam vel est accusantium dignissimos. Corrupti cum dicta et illum repellat. Cumque illum qui aperiam qui fugiat voluptatem.',57,0,0,'2018-12-05 16:41:21','2021-05-01 03:18:22'),(89,86,NULL,'Enim quo nostrum veritatis ducimus eum qui.','Itaque accusamus quia omnis officia similique. Dicta architecto aut dolorem quas. Quasi praesentium in et sit sed ipsum.',27,1,1,'2013-05-26 02:25:58','2021-05-01 03:18:22'),(90,98,NULL,'Explicabo placeat quia maxime laudantium.','Aut voluptate est vel quam. Beatae sint voluptas molestiae non expedita in amet. Distinctio et ut ratione. Minima eaque aut qui consectetur repudiandae earum.',64,1,0,'2019-07-24 02:50:16','2021-05-01 03:18:22'),(91,96,6,'Non veniam consequatur aliquid sed eos eius ut.','Nostrum aspernatur porro unde consequatur quas dicta inventore officiis. Qui quia voluptas facere odit.',37,0,0,'2012-02-06 22:16:36','2021-05-01 03:18:22'),(92,4,8,'Sunt fuga nihil dolorem dolores esse dolores.','Provident natus unde deleniti alias. Ut quidem autem cum et rerum est. Atque corrupti illum perferendis nam. Vitae qui ex voluptatem aut suscipit harum sit.',91,1,1,'2021-02-13 23:36:22','2021-05-01 03:18:22'),(93,81,25,'Cum non nihil nobis at molestias amet consectetur.','Sequi ratione eligendi ut consequatur est et vel. Consequatur sit provident sapiente neque.',NULL,0,0,'2016-12-08 17:25:35','2021-05-01 03:18:22'),(94,78,19,'Delectus dolorum est autem mollitia rerum nemo aliquam.','Aperiam voluptas modi voluptatem aut quos repudiandae et. Eaque ipsa quasi quod repellat exercitationem sapiente cumque. Amet rerum eius iusto nesciunt.',45,1,0,'2016-11-17 12:31:46','2021-05-01 03:18:22'),(95,58,NULL,'Aut fuga suscipit animi nobis iste.','Et sed ea temporibus est. Dolor consequuntur consequatur sit.',51,1,1,'2017-06-18 20:51:15','2021-05-01 03:18:22'),(96,33,16,'Odio distinctio expedita quisquam vel ipsa.','Voluptas molestiae dignissimos incidunt deleniti ut illum sed. Consequatur aut excepturi ipsa et mollitia voluptatum. Quisquam sed voluptas sed quos. Id vitae et sed adipisci.',17,1,1,'2013-11-11 01:51:42','2021-05-01 03:18:22'),(97,87,12,'Ducimus adipisci rerum voluptas dolor et est a.','Ex odio optio voluptas quo ex voluptate et cupiditate. Nobis id velit consequatur quae consequuntur omnis blanditiis. Rerum officiis vitae temporibus animi dolore qui earum. Voluptatem est voluptatibus et quam et.',NULL,1,0,'2012-11-07 15:37:40','2021-05-01 03:18:22'),(98,36,14,'Neque et quod perferendis quaerat neque.','Eaque alias magni ut ut cum est. Eos fuga assumenda eveniet voluptas aliquid autem. Hic sed quod aut doloremque delectus alias eos aut.',31,1,0,'2018-10-17 19:22:49','2021-05-01 03:18:22'),(99,76,NULL,'Et consectetur cupiditate fugit provident.','Magni ut soluta dolor. Enim quae perspiciatis vel non vel sint nulla voluptatum. Impedit nemo placeat dolor ea.',4,1,0,'2020-02-28 07:46:02','2021-05-01 03:18:22'),(100,27,9,'Sequi accusamus voluptas a harum accusamus dolores reiciendis maxime.','Voluptate ex sit voluptatibus laborum perferendis. Est nulla amet laudantium velit qui.',NULL,1,0,'2012-07-18 19:14:12','2021-05-01 03:18:22');
/*!40000 ALTER TABLE `posts` ENABLE KEYS */;
UNLOCK TABLES;

--
-- Table structure for table `profiles`
--

DROP TABLE IF EXISTS `profiles`;
/*!40101 SET @saved_cs_client     = @@character_set_client */;
/*!50503 SET character_set_client = utf8mb4 */;
CREATE TABLE `profiles` (
  `user_id` int unsigned NOT NULL COMMENT '╨б╤Б╤Л╨╗╨║╨░ ╨╜╨░ ╨┐╨╛╨╗╤М╨╖╨╛╨▓╨░╤В╨╡╨╗╤П',
  `gender_id` int unsigned NOT NULL COMMENT '╨б╤Б╤Л╨╗╨║╨░ ╨╜╨░ ╨│╨╡╨╜╨┤╨╡╤А',
  `birthday` date DEFAULT NULL COMMENT '╨Ф╨░╤В╨░ ╤А╨╛╨╢╨┤╨╡╨╜╨╕╤П',
  `city_id` int unsigned NOT NULL COMMENT '╨У╨╛╤А╨╛╨┤ ╨╕ ╤Б╤В╤А╨░╨╜╨░ ╨┐╤А╨╛╨╢╨╕╨▓╨░╨╜╨╕╤П',
  `created_at` datetime DEFAULT CURRENT_TIMESTAMP COMMENT '╨Т╤А╨╡╨╝╤П ╤Б╨╛╨╖╨┤╨░╨╜╨╕╤П ╤Б╤В╤А╨╛╨║╨╕',
  `updated_at` datetime DEFAULT CURRENT_TIMESTAMP ON UPDATE CURRENT_TIMESTAMP COMMENT '╨Т╤А╨╡╨╝╤П ╨╛╨▒╨╜╨╛╨▓╨╗╨╡╨╜╨╕╤П ╤Б╤В╤А╨╛╨║╨╕',
  PRIMARY KEY (`user_id`),
  KEY `profiles_gender_id_fk` (`gender_id`),
  KEY `profiles_city_id_fk` (`city_id`),
  CONSTRAINT `profiles_city_id_fk` FOREIGN KEY (`city_id`) REFERENCES `cities` (`id`),
  CONSTRAINT `profiles_gender_id_fk` FOREIGN KEY (`gender_id`) REFERENCES `genders` (`id`) ON DELETE CASCADE,
  CONSTRAINT `profiles_user_id_fk` FOREIGN KEY (`user_id`) REFERENCES `users` (`id`)
) ENGINE=InnoDB DEFAULT CHARSET=utf8mb4 COLLATE=utf8mb4_unicode_ci COMMENT='╨Я╤А╨╛╤Д╨╕╨╗╨╕';
/*!40101 SET character_set_client = @saved_cs_client */;

--
-- Dumping data for table `profiles`
--

LOCK TABLES `profiles` WRITE;
/*!40000 ALTER TABLE `profiles` DISABLE KEYS */;
INSERT INTO `profiles` VALUES (1,9,'1994-01-11',99,'2011-06-15 07:51:26','2021-04-27 03:30:11'),(2,8,'1980-04-02',64,'2011-07-09 12:19:05','2021-04-27 03:30:11'),(3,1,'1983-02-06',24,'2013-05-23 08:47:57','2021-04-27 03:30:11'),(4,1,'1984-05-01',67,'2016-01-18 14:18:48','2021-04-27 03:30:11'),(5,2,'1996-05-10',51,'2019-05-29 21:44:54','2021-04-27 03:30:11'),(6,3,'2021-01-07',71,'2011-07-22 07:44:03','2021-04-27 03:30:11'),(7,9,'1975-01-17',77,'2012-10-29 04:22:25','2021-04-27 03:30:11'),(8,6,'1978-08-18',28,'2017-03-10 03:58:14','2021-04-27 03:30:11'),(9,10,'2014-10-17',28,'2020-02-14 03:38:08','2021-04-27 03:30:11'),(10,11,'2008-05-02',75,'2011-06-28 18:48:39','2021-04-27 03:30:11'),(11,11,'1997-08-13',71,'2013-12-02 08:36:17','2021-04-27 03:30:11'),(12,7,'1991-07-07',71,'2013-02-05 21:45:25','2021-04-27 03:30:11'),(13,10,'2016-03-13',100,'2015-09-25 07:31:50','2021-04-27 03:30:11'),(14,6,'2018-07-05',52,'2020-09-21 20:56:56','2021-04-27 03:30:11'),(15,1,'1979-01-06',83,'2018-01-09 23:19:00','2021-04-27 03:30:11'),(16,11,'1996-05-06',15,'2017-05-20 06:35:55','2021-04-27 03:30:11'),(17,11,'1970-01-01',21,'2020-09-19 00:55:55','2021-04-27 03:30:11'),(18,3,'1979-02-23',58,'2017-02-05 09:47:15','2021-04-27 03:30:11'),(19,2,'2005-07-25',10,'2019-06-04 00:04:15','2021-04-27 03:30:11'),(20,11,'1975-10-15',68,'2013-02-21 11:30:43','2021-04-27 03:30:11'),(21,5,'2012-07-27',3,'2017-04-12 08:17:12','2021-04-27 03:30:11'),(22,10,'2002-07-19',32,'2017-03-17 08:25:29','2021-04-27 03:30:11'),(23,11,'2011-11-18',73,'2019-08-12 00:12:17','2021-04-27 03:30:11'),(24,10,'2014-10-03',4,'2018-11-02 08:39:32','2021-04-27 03:30:11'),(25,8,'1979-06-10',15,'2019-09-29 21:56:18','2021-04-27 03:30:11'),(26,9,'1988-12-29',43,'2015-09-20 00:23:50','2021-04-27 03:30:11'),(27,10,'1973-02-09',84,'2011-05-30 16:54:50','2021-04-27 03:30:11'),(28,8,'1971-11-20',9,'2019-07-12 17:53:31','2021-04-27 03:30:11'),(29,3,'2014-05-02',1,'2016-12-05 01:45:35','2021-04-27 03:30:11'),(30,4,'1975-07-25',45,'2017-03-21 04:34:13','2021-04-27 03:30:11'),(31,4,'1994-11-27',38,'2014-11-11 00:03:13','2021-04-27 03:30:11'),(32,10,'2011-03-15',5,'2020-03-22 11:30:09','2021-04-27 03:30:11'),(33,9,'1997-03-03',59,'2019-09-28 15:24:02','2021-04-27 03:30:11'),(34,8,'1975-12-04',62,'2021-03-25 20:26:43','2021-04-27 03:30:11'),(35,1,'2005-07-18',53,'2014-06-02 11:18:11','2021-04-27 03:30:11'),(36,5,'1980-05-08',37,'2019-08-17 21:18:34','2021-04-27 03:30:11'),(37,8,'2011-02-24',17,'2017-08-30 06:06:43','2021-04-27 03:30:11'),(38,10,'2011-03-10',80,'2016-09-28 02:02:47','2021-04-27 03:30:11'),(39,5,'1987-02-28',59,'2014-12-14 10:59:27','2021-04-27 03:30:11'),(40,9,'1975-06-09',100,'2020-02-10 06:56:46','2021-04-27 03:30:11'),(41,9,'1982-05-01',67,'2020-09-25 10:35:25','2021-04-27 03:30:11'),(42,2,'1970-08-09',70,'2014-06-04 04:15:17','2021-04-27 03:30:11'),(43,1,'1985-04-17',30,'2018-12-28 22:25:46','2021-04-27 03:30:11'),(44,3,'1987-09-09',38,'2013-02-23 12:48:03','2021-04-27 03:30:11'),(45,2,'2012-03-21',43,'2016-10-06 23:54:20','2021-04-27 03:30:11'),(46,9,'2009-05-30',75,'2013-07-29 18:46:20','2021-04-27 03:30:11'),(47,4,'2019-08-16',32,'2016-05-18 17:28:29','2021-04-27 03:30:11'),(48,8,'1976-02-15',26,'2012-10-29 17:50:33','2021-04-27 03:30:11'),(49,4,'1990-04-21',99,'2013-12-15 16:30:11','2021-04-27 03:30:11'),(50,10,'2003-03-13',42,'2017-01-13 15:51:37','2021-04-27 03:30:11'),(51,5,'2012-05-06',100,'2012-03-06 22:38:33','2021-04-27 03:30:11'),(52,8,'1994-08-31',22,'2016-07-26 21:30:15','2021-04-27 03:30:11'),(53,2,'1973-06-30',14,'2014-12-24 13:02:52','2021-04-27 03:30:11'),(54,3,'1997-12-18',69,'2016-02-10 18:52:33','2021-04-27 03:30:11'),(55,9,'2013-10-17',68,'2019-06-18 21:26:28','2021-04-27 03:30:11'),(56,2,'1978-12-02',74,'2012-07-15 19:05:31','2021-04-27 03:30:11'),(57,3,'2002-12-10',92,'2012-03-30 23:59:41','2021-04-27 03:30:11'),(58,10,'2020-11-13',67,'2020-06-12 00:31:58','2021-04-27 03:30:11'),(59,8,'2004-04-06',54,'2020-12-26 12:08:31','2021-04-27 03:30:11'),(60,6,'1971-02-23',6,'2013-04-03 12:42:49','2021-04-27 03:30:11'),(61,8,'1994-02-23',28,'2012-10-29 19:17:47','2021-04-27 03:30:11'),(62,4,'1971-08-28',77,'2019-05-21 12:34:54','2021-04-27 03:30:11'),(63,10,'1983-12-20',9,'2017-12-02 19:36:36','2021-04-27 03:30:11'),(64,9,'2008-05-04',73,'2012-03-02 15:31:14','2021-04-27 03:30:11'),(65,3,'1980-04-04',1,'2018-11-04 12:45:31','2021-04-27 03:30:11'),(66,4,'1991-02-02',62,'2017-01-28 13:35:29','2021-04-27 03:30:11'),(67,1,'1983-06-25',56,'2017-11-05 15:49:27','2021-04-27 03:30:11'),(68,6,'1981-09-30',1,'2019-04-27 07:07:53','2021-04-27 03:30:11'),(69,5,'2017-06-29',20,'2018-06-28 13:14:12','2021-04-27 03:30:11'),(70,7,'1991-11-16',57,'2014-09-06 15:52:46','2021-04-27 03:30:11'),(71,11,'1983-09-18',3,'2016-09-26 20:02:00','2021-04-27 03:30:11'),(72,4,'1989-08-31',34,'2014-01-07 18:46:15','2021-04-27 03:30:11'),(73,10,'2020-10-20',17,'2017-07-28 14:43:23','2021-04-27 03:30:11'),(74,4,'1977-08-15',17,'2019-02-26 01:04:40','2021-04-27 03:30:11'),(75,10,'2013-11-19',71,'2017-12-02 16:21:32','2021-04-27 03:30:11'),(76,11,'1988-06-25',80,'2020-05-05 19:20:51','2021-04-27 03:30:11'),(77,1,'1992-11-23',82,'2017-11-20 00:19:39','2021-04-27 03:30:11'),(78,11,'1975-11-13',29,'2014-02-04 17:44:08','2021-04-27 03:30:11'),(79,7,'1979-01-13',18,'2012-06-25 22:53:00','2021-04-27 03:30:11'),(80,1,'1973-10-11',68,'2016-03-05 23:46:58','2021-04-27 03:30:11'),(81,3,'2014-08-11',22,'2013-12-22 21:39:58','2021-04-27 03:30:11'),(82,4,'2011-12-15',4,'2017-02-13 15:57:47','2021-04-27 03:30:11'),(83,2,'2014-05-03',70,'2018-06-14 02:54:58','2021-04-27 03:30:11'),(84,1,'2008-10-28',95,'2015-01-29 21:00:42','2021-04-27 03:30:11'),(85,8,'1992-01-07',72,'2013-08-28 21:53:20','2021-04-27 03:30:11'),(86,5,'1994-10-07',5,'2018-03-10 21:58:54','2021-04-27 03:30:11'),(87,11,'1978-01-27',48,'2018-10-17 14:34:56','2021-04-27 03:30:11'),(88,7,'2014-08-22',69,'2012-03-09 10:02:43','2021-04-27 03:30:11'),(89,6,'2017-05-01',65,'2011-09-12 18:12:23','2021-04-27 00:58:53'),(90,7,'1995-11-17',4,'2017-02-01 08:50:34','2021-04-27 03:30:11'),(91,5,'1984-11-14',88,'2015-06-12 17:22:17','2021-04-27 03:30:11'),(92,3,'1988-09-25',33,'2013-06-05 00:38:42','2021-04-27 03:30:11'),(93,1,'1982-08-27',25,'2011-06-01 05:53:32','2021-04-27 03:30:11'),(94,2,'2008-10-22',79,'2015-09-28 02:58:43','2021-04-27 03:30:11'),(95,7,'2003-01-05',72,'2014-10-26 01:49:53','2021-04-27 03:30:11'),(96,9,'1998-10-04',56,'2012-09-13 17:00:59','2021-04-27 03:30:11'),(97,7,'1970-01-25',15,'2017-01-30 07:07:25','2021-04-27 03:30:11'),(98,1,'1996-12-16',77,'2013-08-07 17:33:42','2021-04-27 03:30:11'),(99,8,'1992-10-20',17,'2014-09-22 09:31:49','2021-04-27 03:30:11'),(100,9,'2002-04-20',30,'2013-12-10 12:05:03','2021-04-27 03:30:11');
/*!40000 ALTER TABLE `profiles` ENABLE KEYS */;
UNLOCK TABLES;

--
-- Table structure for table `users`
--

DROP TABLE IF EXISTS `users`;
/*!40101 SET @saved_cs_client     = @@character_set_client */;
/*!50503 SET character_set_client = utf8mb4 */;
CREATE TABLE `users` (
  `id` int unsigned NOT NULL AUTO_INCREMENT COMMENT '╨Ш╨┤╨╡╨╜╤В╨╕╤Д╨╕╨║╨░╤В╨╛╤А ╤Б╤В╤А╨╛╨║╨╕',
  `first_name` varchar(100) CHARACTER SET utf8mb4 COLLATE utf8mb4_unicode_ci NOT NULL COMMENT '╨Ш╨╝╤П ╨┐╨╛╨╗╤М╨╖╨╛╨▓╨░╤В╨╡╨╗╤П',
  `last_name` varchar(100) CHARACTER SET utf8mb4 COLLATE utf8mb4_unicode_ci NOT NULL COMMENT '╨д╨░╨╝╨╕╨╗╨╕╤П ╨┐╨╛╨╗╤М╨╖╨╛╨▓╨░╤В╨╡╨╗╤П',
  `email` varchar(100) CHARACTER SET utf8mb4 COLLATE utf8mb4_unicode_ci NOT NULL COMMENT '╨Я╨╛╤З╤В╨░',
  `phone` varchar(100) CHARACTER SET utf8mb4 COLLATE utf8mb4_unicode_ci NOT NULL COMMENT '╨в╨╡╨╗╨╡╤Д╨╛╨╜',
  `created_at` datetime DEFAULT CURRENT_TIMESTAMP COMMENT '╨Т╤А╨╡╨╝╤П ╤Б╨╛╨╖╨┤╨░╨╜╨╕╤П ╤Б╤В╤А╨╛╨║╨╕',
  `updated_at` datetime DEFAULT CURRENT_TIMESTAMP ON UPDATE CURRENT_TIMESTAMP COMMENT '╨Т╤А╨╡╨╝╤П ╨╛╨▒╨╜╨╛╨▓╨╗╨╡╨╜╨╕╤П ╤Б╤В╤А╨╛╨║╨╕',
  PRIMARY KEY (`id`),
  UNIQUE KEY `email` (`email`),
  UNIQUE KEY `phone` (`phone`)
) ENGINE=InnoDB AUTO_INCREMENT=101 DEFAULT CHARSET=utf8mb4 COLLATE=utf8mb4_unicode_ci COMMENT='╨Я╨╛╨╗╤М╨╖╨╛╨▓╨░╤В╨╡╨╗╨╕';
/*!40101 SET character_set_client = @saved_cs_client */;

--
-- Dumping data for table `users`
--

LOCK TABLES `users` WRITE;
/*!40000 ALTER TABLE `users` DISABLE KEYS */;
INSERT INTO `users` VALUES (1,'Daphne','Bauch','dzemlak@example.com','(702)127-8280x49823','2020-09-01 11:23:54','2020-12-03 10:09:15'),(2,'Myra','Weissnat','cpacocha@example.com','319.812.6819x6781','2020-11-01 00:42:53','2020-12-13 01:21:40'),(3,'Sibyl','Harris','madalyn76@example.org','054-968-6917x480','2014-01-03 08:39:39','2020-12-29 18:27:22'),(4,'Electa','Considine','marcos72@example.com','401.495.9892x29606','2013-08-18 21:39:07','2020-12-07 16:50:04'),(5,'Wade','Oberbrunner','andres.farrell@example.org','(227)159-6245x8028','2019-05-23 22:55:43','2020-09-14 19:52:10'),(6,'Alvis','Hand','nathanael46@example.com','293.430.9866x707','2019-02-07 01:50:14','2021-02-21 16:21:35'),(7,'Mina','Koelpin','deja75@example.com','+01(9)2408114664','2021-02-13 20:24:21','2021-04-27 00:48:05'),(8,'Tyree','Waters','myrtie36@example.net','963.935.9211x853','2019-03-28 16:53:40','2020-12-10 19:20:32'),(9,'Sylvester','O\'Conner','alek38@example.org','675.538.5961x34193','2014-11-01 08:12:36','2020-10-07 06:55:54'),(10,'Lupe','Jenkins','katlyn.watsica@example.net','1-404-197-1468x3114','2015-12-30 00:59:03','2020-05-12 02:38:44'),(11,'Imogene','Ankunding','wfunk@example.net','(248)506-9036x3819','2012-03-25 09:29:17','2021-02-24 14:21:15'),(12,'Damion','Spinka','loraine.bode@example.net','936-697-6584','2013-10-30 01:59:50','2020-07-23 07:20:28'),(13,'Darrion','Cummerata','ricky.roob@example.com','380.690.5659x815','2020-05-25 01:21:40','2020-09-30 01:20:48'),(14,'Kailyn','Robel','kutch.wilbert@example.org','268-694-6435x48972','2019-08-22 12:57:44','2021-04-08 09:07:19'),(15,'Jessie','Moore','eo\'reilly@example.org','568.600.2118x14197','2011-06-17 06:29:31','2020-10-15 05:10:09'),(16,'Marcelina','Wilderman','hudson.damon@example.org','614.940.9860x31609','2013-02-21 21:27:41','2020-07-14 22:38:39'),(17,'Hunter','Yost','lina.daugherty@example.com','990.145.0249x6084','2020-03-09 11:50:19','2020-07-02 17:39:04'),(18,'Alaina','Wintheiser','nolan.bergnaum@example.net','1-315-105-5344x24862','2011-08-09 18:51:57','2020-09-04 12:20:18'),(19,'Raul','Spencer','cartwright.aric@example.org','+63(2)6538054622','2018-12-15 15:12:55','2020-10-25 16:24:27'),(20,'Kristina','Reichert','olindgren@example.net','1-744-903-3808x5989','2019-04-29 18:20:02','2021-01-26 22:20:10'),(21,'Crystal','Hoeger','williamson.zachery@example.org','707.313.7377x59368','2017-05-10 23:14:00','2020-09-09 00:36:00'),(22,'Eva','Mitchell','caitlyn20@example.com','119.775.8814','2018-04-21 02:41:27','2020-08-25 00:14:51'),(23,'Oma','Keeling','alessandro54@example.net','207.864.8617x3245','2014-09-21 08:41:01','2021-02-22 18:34:01'),(24,'Darren','Vandervort','katelyn34@example.com','01103769381','2011-12-01 04:58:51','2020-11-19 19:36:38'),(25,'Laila','West','lowe.thurman@example.org','(260)693-2052x513','2021-04-08 13:52:44','2021-04-27 00:48:05'),(26,'Orion','Orn','wdenesik@example.com','1-283-690-5722','2014-01-05 04:02:51','2021-03-11 22:42:51'),(27,'Yessenia','Bergnaum','rhianna.oberbrunner@example.org','597-643-4833x06533','2020-12-18 13:51:25','2021-04-27 00:48:05'),(28,'Kurtis','Stroman','ffriesen@example.org','1-853-146-9583','2018-01-06 23:26:31','2020-12-01 19:54:25'),(29,'Brooklyn','Murray','hkirlin@example.com','012-372-1735','2020-07-18 17:02:45','2020-10-02 20:15:32'),(30,'Abdullah','Larkin','polson@example.net','530.885.1601x6698','2012-11-03 07:20:53','2020-07-02 17:49:21'),(31,'Aurore','Schumm','khyatt@example.net','1-081-656-7934x042','2018-11-04 21:21:10','2020-10-01 07:18:03'),(32,'Tyreek','Connelly','iankunding@example.org','+66(9)5223037134','2013-09-23 11:07:58','2021-01-06 02:57:15'),(33,'Lavinia','Lebsack','naomi22@example.net','145.457.8031x3674','2015-06-16 11:39:28','2020-09-13 16:48:32'),(34,'Aniya','Nolan','lelah.kuvalis@example.com','(282)906-8195x617','2017-08-25 17:15:31','2020-05-14 23:30:38'),(35,'Amber','Parker','alexzander.goldner@example.org','04441675841','2014-04-11 22:25:25','2021-04-06 21:44:28'),(36,'Parker','Sanford','colten70@example.net','(991)079-4680x6499','2013-05-30 08:56:08','2021-02-23 18:44:00'),(37,'Emerald','Kuhlman','brooklyn76@example.net','696.129.9184','2011-11-12 03:37:36','2021-01-14 04:42:10'),(38,'King','Willms','reggie.ruecker@example.com','(453)087-1588','2012-02-19 14:06:08','2020-06-15 16:33:20'),(39,'Marcus','Borer','zbrown@example.net','+80(5)2735426591','2020-07-20 14:12:20','2020-08-14 12:25:50'),(40,'Selina','Hilpert','flossie54@example.com','+65(9)3447396076','2013-04-12 13:26:15','2020-10-13 04:21:50'),(41,'Maegan','Ritchie','bulah52@example.net','1-121-241-0335','2018-10-10 10:11:53','2021-01-30 18:27:26'),(42,'Dayana','Mills','eparisian@example.net','589-765-5940x226','2017-12-27 13:40:18','2020-04-29 05:50:19'),(43,'Jared','Schuppe','arnoldo.brekke@example.com','(323)198-9042','2012-07-25 01:59:07','2020-11-29 08:14:38'),(44,'Viva','Lemke','xwiegand@example.net','(291)036-0344x6321','2021-01-20 00:29:22','2021-04-27 00:48:05'),(45,'Percival','Turcotte','hheidenreich@example.net','1-111-277-1729','2018-07-22 20:43:22','2020-10-20 10:04:16'),(46,'Alan','Robel','beaulah.kilback@example.net','627.574.2865x2558','2016-02-04 16:53:58','2020-09-22 19:44:43'),(47,'Victoria','Herzog','derrick.boyle@example.net','(392)756-2288x87570','2019-12-06 03:22:43','2020-11-13 13:39:02'),(48,'Vince','Osinski','adams.jeanne@example.com','1-887-094-8468','2021-02-27 02:07:39','2021-03-11 09:28:49'),(49,'Lionel','Mills','yundt.camryn@example.net','1-443-371-6129','2015-02-13 02:54:46','2020-09-24 15:57:20'),(50,'Liam','Koepp','bkoepp@example.com','308-547-9864','2017-09-05 07:37:07','2020-04-26 14:45:49'),(51,'Cruz','Schmidt','winifred02@example.com','08925909931','2012-04-13 04:58:17','2020-06-23 08:52:06'),(52,'Lexus','Bernier','monica30@example.com','(245)590-2719','2019-05-11 15:29:43','2020-06-02 10:58:11'),(53,'Elissa','Rohan','imedhurst@example.com','(062)278-2622x290','2011-06-05 09:51:26','2020-05-05 07:24:40'),(54,'Jasmin','Bartoletti','chris.bins@example.org','+60(7)6281264865','2018-12-31 04:36:13','2020-10-14 00:21:55'),(55,'Jamar','Hoeger','parker.elenora@example.net','513.948.4390x0451','2014-02-23 10:21:06','2020-09-09 08:45:59'),(56,'Precious','Homenick','sauer.waldo@example.com','867-403-0558','2014-06-20 14:56:03','2020-11-06 17:00:01'),(57,'Maddison','Halvorson','volkman.katharina@example.net','487.011.5901x4115','2013-03-04 16:07:23','2021-01-24 09:41:37'),(58,'Ladarius','Goyette','bwuckert@example.com','(604)852-6908x233','2012-05-30 13:44:09','2021-01-21 15:12:58'),(59,'Elisha','Bradtke','mitchel.williamson@example.net','957.077.8258x94651','2011-05-19 22:35:26','2021-01-17 23:35:32'),(60,'Marian','Jacobi','allan.cummerata@example.com','1-179-673-4721','2011-06-24 21:11:42','2020-07-06 05:45:38'),(61,'Harold','Stiedemann','hhintz@example.net','1-922-240-1903x1841','2015-01-12 11:34:36','2020-12-26 05:24:50'),(62,'Marcos','McCullough','vonrueden.mittie@example.com','(391)001-4231','2017-07-12 09:11:16','2020-09-08 08:05:52'),(63,'William','Osinski','mayer.tyrell@example.com','618.445.4423','2015-04-24 04:57:34','2021-01-12 01:12:23'),(64,'Deontae','Morissette','ulakin@example.com','+78(2)9922507188','2015-10-02 16:53:36','2021-04-15 22:13:11'),(65,'Bette','Cassin','osinski.gia@example.com','(694)293-1824','2015-06-03 06:00:40','2020-08-27 21:08:14'),(66,'Sam','Kutch','sigmund.pacocha@example.net','284-275-6673x606','2018-10-12 07:55:52','2020-06-08 10:06:01'),(67,'Filiberto','Johns','mann.myrtie@example.net','466.775.8660','2020-07-05 12:36:19','2021-02-06 14:03:58'),(68,'Immanuel','Hauck','celestino.schulist@example.com','283.326.0323','2014-06-13 02:11:33','2020-06-27 12:31:43'),(69,'Rosario','Champlin','marvin50@example.org','(894)245-7752x2553','2013-12-15 12:54:32','2020-11-09 17:57:21'),(70,'Claude','Romaguera','goodwin.dayton@example.org','+30(4)6640137922','2015-07-13 22:46:13','2020-07-27 00:19:00'),(71,'Fatima','Jaskolski','ledner.kaden@example.com','539.513.3199x339','2018-07-09 02:24:48','2021-02-22 13:23:45'),(72,'Sophia','Hickle','roberts.sandy@example.net','381-423-2980x821','2018-01-26 07:36:49','2021-02-04 11:09:24'),(73,'Norval','Walsh','owen50@example.org','(206)768-6185','2020-11-19 02:17:56','2020-11-30 09:39:55'),(74,'Rod','Wisoky','nikko.kohler@example.com','481.670.6469','2014-09-07 14:16:14','2020-08-16 18:04:45'),(75,'Darian','Monahan','ocollier@example.com','06677962754','2018-11-12 06:16:00','2020-08-26 07:43:48'),(76,'Gerson','Kuhlman','jackson.lockman@example.org','1-156-426-0251','2013-02-09 02:07:04','2020-12-10 08:24:31'),(77,'Cleora','Hauck','molly.zboncak@example.org','390.461.5543x52493','2015-02-21 09:24:37','2020-12-25 20:25:10'),(78,'Nichole','Johnson','nprosacco@example.com','(463)859-7348x616','2021-01-16 11:16:35','2021-04-27 00:48:05'),(79,'Korey','Rolfson','loma20@example.net','(250)156-3325x934','2017-07-30 03:16:54','2020-09-14 07:18:22'),(80,'Gavin','Mills','lkassulke@example.com','1-167-563-0069x6860','2019-06-16 06:06:07','2020-10-18 15:03:01'),(81,'Lambert','Kuvalis','gwendolyn.harber@example.com','1-144-335-1641x1429','2016-07-12 11:40:15','2020-04-30 09:53:04'),(82,'Myah','Trantow','westley23@example.net','918.363.5234x4044','2016-05-08 18:04:34','2020-07-23 21:31:39'),(83,'Nash','Will','willis.koss@example.com','07158967739','2016-02-18 02:29:52','2021-04-10 21:30:00'),(84,'Maryjane','Beier','gregorio78@example.com','1-923-901-5700x037','2020-05-03 05:01:09','2020-11-21 18:14:53'),(85,'Luz','Jerde','bettye70@example.org','831.308.9659x115','2020-05-08 22:02:28','2020-08-06 13:53:23'),(86,'Merl','Vandervort','krajcik.trey@example.net','410-643-2862','2019-05-23 18:38:56','2020-09-29 10:27:00'),(87,'Meaghan','Bednar','xcormier@example.com','(984)282-3053x9235','2013-04-26 21:57:06','2020-09-10 04:13:01'),(88,'Tiana','Paucek','veum.justice@example.com','(194)410-6633','2012-08-14 09:49:53','2021-03-03 10:02:47'),(89,'Oliver','Kassulke','emmett01@example.com','966.787.2725','2016-09-01 16:49:02','2020-10-08 12:43:51'),(90,'Hailey','Murray','mathias.frami@example.com','+42(7)6278799389','2013-08-22 18:21:16','2020-08-09 04:12:18'),(91,'Thea','Swaniawski','connelly.clifton@example.net','1-376-665-8224x645','2017-02-02 06:10:02','2020-07-21 16:19:58'),(92,'Delia','Lynch','alvah80@example.org','358-838-4150x2517','2011-11-22 13:43:49','2020-10-04 00:43:47'),(93,'Cole','Wintheiser','jason64@example.net','401.161.4273x124','2016-07-03 22:10:41','2020-05-20 02:30:18'),(94,'Desmond','Kuhic','ena.klein@example.com','921-704-7608','2018-09-02 13:28:35','2021-04-18 17:39:06'),(95,'Anahi','Skiles','nhagenes@example.com','262.591.3160x488','2012-12-30 16:34:40','2020-07-18 02:56:02'),(96,'Katelyn','Gutmann','ibrahim53@example.com','+54(6)7519307228','2018-09-10 16:58:41','2020-06-17 18:04:38'),(97,'Kara','Hermiston','ashton16@example.com','08861961947','2012-01-10 18:22:10','2020-11-14 08:57:00'),(98,'Sven','Bradtke','reinger.georgianna@example.org','747-041-9949x7027','2013-06-21 22:13:31','2021-01-24 20:56:53'),(99,'Dixie','Stokes','charlie.stanton@example.com','1-978-538-4970','2011-06-15 23:14:05','2020-06-05 10:41:48'),(100,'Shanie','Raynor','lindgren.oren@example.org','(564)723-8314x022','2014-06-17 09:31:55','2020-08-28 06:15:36');
/*!40000 ALTER TABLE `users` ENABLE KEYS */;
UNLOCK TABLES;
/*!40103 SET TIME_ZONE=@OLD_TIME_ZONE */;

/*!40101 SET SQL_MODE=@OLD_SQL_MODE */;
/*!40014 SET FOREIGN_KEY_CHECKS=@OLD_FOREIGN_KEY_CHECKS */;
/*!40014 SET UNIQUE_CHECKS=@OLD_UNIQUE_CHECKS */;
/*!40101 SET CHARACTER_SET_CLIENT=@OLD_CHARACTER_SET_CLIENT */;
/*!40101 SET CHARACTER_SET_RESULTS=@OLD_CHARACTER_SET_RESULTS */;
/*!40101 SET COLLATION_CONNECTION=@OLD_COLLATION_CONNECTION */;
/*!40111 SET SQL_NOTES=@OLD_SQL_NOTES */;

-- Dump completed on 2021-05-04 18:05:46
